"","224.9865 , 136.986 , 161.976","196.9875 , 87.975 , 122.9865","176.9955 , 96.9765 , 121.074","156.978 , 28.9935 , 83.997","124.9755 , 61.9905 , 78.999","125.9955 , 11.985 , 69.9975","82.977 , 37.995 , 60.996","178.9845 , 138.975 , 183.9825","143.9985 , 90.984 , 168.9885","139.995 , 95.982 , 146.982","100.98 , 43.9875 , 124.9755","93.993 , 66.9885 , 99.9855","67.983 , 15.9885 , 89.9895","51.9945 , 31.977 , 59.976","151.98 , 150.9855 , 192.984","113.985 , 113.985 , 201.9855","113.985 , 107.9925 , 146.982","57.987 , 49.98 , 158.9925","78.999 , 72.981 , 108.987","38.9895 , 29.988 , 110.976","23.9955 , 22.9755 , 57.987","134.997 , 162.996 , 201.9855","66.9885 , 122.9865 , 196.9875","95.982 , 122.9865 , 167.994","12.9795 , 79.9935 , 162.996","63.9795 , 89.9895 , 122.9865","2.9835 , 44.982 , 136.986","3.978 , 32.997 , 64.9995","115.9995 , 183.9825 , 195.993","51 , 148.9965 , 183.9825","88.995 , 145.9875 , 162.996","2.9835 , 82.977 , 154.989","47.991 , 40.9785 , 116.994","3.978 , 64.9995 , 111.996","9.996 , 56.9925 , 76.9845","141.984 , 207.978 , 193.9785","65.994 , 167.994 , 154.989","104.9835 , 168.9885 , 153","8.976 , 110.976 , 121.992","54.978 , 116.994 , 103.989","3.978 , 78.999 , 73.9755","10.9905 , 59.976 , 56.9925","163.9905 , 226.9755 , 172.992","95.982 , 193.9785 , 110.976","131.988 , 179.979 , 127.9845","64.9995 , 161.976 , 68.9775","72.981 , 127.9845 , 85.986","32.997 , 116.994 , 39.984","22.9755 , 61.9905 , 31.977","216.9795 , 226.9755 , 106.998","197.982 , 221.9775 , 36.975","174.981 , 190.995 , 90.984","170.9775 , 201.9855 , 1.989","132.9825 , 147.9765 , 42.993","117.9885 , 142.9785 , 0.9945","68.9775 , 85.986 , 7.9815","251.991 , 236.997 , 119.9775","252.9855 , 221.9775 , 42.993","211.9815 , 190.995 , 81.9825","244.9785 , 208.998 , 0.9945","175.9755 , 151.98 , 45.9765","170.9775 , 143.9985 , 2.9835","104.9835 , 90.984 , 20.9865","250.9965 , 200.991 , 141.984","251.991 , 166.9995 , 40.9785","228.99 , 154.989 , 91.9785","255 , 143.9985 , 0","174.981 , 120.9975 , 60.996","172.992 , 100.98 , 1.989","118.983 , 69.9975 , 11.985","250.9965 , 175.9755 , 153","251.991 , 112.9905 , 46.9965","230.979 , 126.99 , 114.9795","232.9935 , 52.989 , 6.987","162.996 , 87.975 , 57.987","165.9795 , 26.979 , 1.989","120.9975 , 41.9985 , 24.99","246.993 , 153.9945 , 161.976","226.9755 , 97.9965 , 100.98","210.987 , 121.992 , 125.9955","218.994 , 11.985 , 39.984","150.9855 , 72.981 , 75.99","155.9835 , 8.976 , 26.979","89.9895 , 29.988 , 31.977","1.989 , 3.978 , 0.9945","41.9985 , 48.9855 , 40.9785","89.9895 , 95.982 , 81.9825","93.993 , 99.9855 , 85.986","126.99 , 130.9935 , 116.994","157.998 , 161.976 , 147.9765","180.999 , 186.9915 , 172.992","216.9795 , 218.994 , 205.989","246.993 , 247.9875 , 241.995"
"1",138.595308021231,205.590790792657,205.732497112756,284.647923345666,275.773186389196,316.102380596461,322.116029270898,140.976350444853,201.464426350535,208.762339044307,276.820085162276,276.290311251137,330.111781266967,343.243160854663,144.356975217687,192.998855334688,215.214307744629,286.041348581809,276.659334095653,328.565391320358,366.356696696334,146.175987010521,223.724261262609,209.53691828172,298.705782031835,269.48159910929,334.333305552259,369.600611925224,152.879433120515,227.107737178305,203.980905981418,307.146781256942,313.176902223009,330.818134886829,346.22988482257,122.201613915283,216.170400562265,185.277225033867,299.708130403982,270.323349533942,340.358569361049,353.937041216019,109.965145201787,207.092425170502,175.640827279707,265.432981147313,262.716014422418,322.121140534504,359.007360146349,139.8803214725,212.395382767611,176.743303469325,255.924637892193,250.204696669047,292.831508040887,335.702729248289,122.613381816586,200.784028648322,173.429958037099,244.142336190899,229.530341577644,271.511630493981,306.04175233904,110.57530983678,216.775619985851,177.419782672339,263.513574972903,232.535645106293,291.015863988976,317.760287480988,114.550714451067,237.220540879684,176.152719089147,305.694555179676,257.911690757224,336.170826054998,324.649817751758,123.44117793508,206.841075737509,175.006234336094,311.912757238703,259.619673991591,334.127380617782,341.000647120354,421.48408879399,349.331038281027,270.850089899837,263.917411485108,209.077894685211,155.427045585702,113.301077051368,55.1168328235576,0
"2",93.4161029052272,156.381179913857,153.94007856062,233.628804017185,221.903797011791,263.864553150381,267.84375679909,91.2740183636614,151.927033345781,156.653730990519,225.047431055655,222.414237909244,277.249119101847,288.989973326065,94.9695798532351,147.142057629693,162.514694970947,236.755186351852,223.086984275753,276.461893043146,312.363039750624,99.3626404766902,178.313676254795,159.06431116847,250.570423332942,216.657739364418,284.316510545906,315.978736818635,107.343772750216,181.474875585437,153.487391441447,258.642441035883,261.087612493393,279.139085549659,292.794836523375,76.7458753712537,167.327885333706,133.609461368759,248.975581825307,216.915850048469,287.046691688826,299.863551398382,62.9312360616729,155.864172969608,121.780241901139,212.417334170849,208.372304065344,267.976156273744,304.249613265572,99.312247095965,170.104492811037,125.594458588944,209.81294782794,196.638443167276,240.000665314703,280.718168496893,94.5932940197137,166.952176758047,127.226318217773,207.139105548059,178.258812876811,221.250405772509,251.307757783659,74.6853688683399,176.515433525655,131.298462464341,222.488992000728,179.972659211059,239.746124790892,263.516267126908,76.259961659117,194.270847531867,130.167012359123,259.645728301083,204.901900033284,284.757370800125,270.740815809604,84.0409980396473,160.521665526028,125.87397706635,265.357201364971,206.336482973807,282.617502005803,286.583154215317,366.709067758762,294.533029630804,215.953754971406,209.02014798459,154.150277766535,100.475468759792,58.3742956745518,0,NA
"3",67.504092042631,112.0734109178,103.991379264101,182.922077590432,166.128163182075,210.381860160875,210.597657898301,49.2994277121956,102.96846638049,103.153173515166,170.759388173096,165.229274304676,221.142617492084,231.180173212367,50.3806953207278,103.254289404847,106.809354913322,184.662094855712,165.828327300404,220.596421907745,254.514237898885,59.4356043672477,132.93162962779,106.534080547025,199.446846052401,160.010941546195,230.54858135868,258.288831596529,69.01474539727,135.88285806624,101.222448340277,206.960485261076,205.296615259483,223.470343717013,235.285371551761,49.0207771205231,117.945593560124,80.6358748526361,194.862178909223,159.819762408314,229.789211603809,241.850597089918,43.4512293065455,105.464177396877,66.909852290227,157.799478613682,150.730748054271,210.939256835351,245.930695071294,85.1382679659975,141.467546716553,82.3259157267625,171.951378323205,143.970463978727,188.389509488984,223.560713460013,101.739625045997,152.662426219584,96.2219954519236,184.826411718537,131.848314076252,175.646572934117,195.195974156103,77.82757911242,151.218743250465,99.450908842001,193.004606457981,130.132733683728,191.583183474568,208.463028714926,73.6252831997949,162.45269491532,97.2811932415511,219.585423153496,152.821874436384,234.673414654281,215.702902287498,74.6013558925037,123.36805389261,85.6322728677687,223.074030606994,152.671517633447,231.592507757699,229.821796893811,308.417997672801,236.208296252481,157.63307797144,150.698812563338,95.8567894778455,42.1971146110726,0,NA,NA
"4",72.855646538206,87.2973608492834,72.8668958632794,147.576292562525,125.87883548377,172.052853879992,169.011970529457,47.6015884109974,75.3482196753845,68.4127552087328,133.046549963725,124.18696091881,181.045691885364,189.421672502119,46.7191873912636,84.6005456897295,69.6588219215628,150.554496422392,125.224331246967,181.529315033413,213.016241438887,58.7116554186645,110.476188934539,75.939881962642,167.263507761705,121.020802445282,194.519619412799,217.354377388632,67.4814368308055,113.637456238029,72.4060185447315,174.124990646087,166.438728550479,185.529507983232,194.848636998697,66.9986283740197,92.4668994627267,53.711711188064,159.636307662919,120.712057725192,189.956550110808,200.731894108161,69.9043653626152,78.9884881644154,37.4206917760749,122.022797063704,110.571851985485,171.204586332405,204.166744884543,96.8658340425044,132.364017997717,66.1715173337441,151.926224420769,108.826910793011,153.510173670998,182.476654795209,123.477846154685,153.767163044487,90.0640253888865,177.145093604791,104.053402261771,146.678655487089,154.844636246303,101.02871514327,142.507865064529,90.6887988507953,177.847190201307,97.6384510912581,158.926656694999,168.748045202011,94.1803724496246,146.394069754379,87.4016508196499,193.340451792945,116.615771297239,198.998101768585,175.753568068333,90.4422487972297,105.166263310769,69.9265238518261,194.628343653359,114.679297885451,195.072943322492,188.419405095388,266.281588565563,194.090981486776,115.479747766654,108.546230729123,53.6779906153351,0,NA,NA,NA
"5",107.993538660885,82.3781002739806,60.6164393481669,111.319729396904,78.797793397087,127.955785780675,117.139409146751,85.1738898063837,67.7751959993477,47.8979676108496,91.1606739677258,73.9914258968565,132.050062833192,136.673496393778,82.453988769495,87.6468719892501,39.9681894761321,114.404873993637,75.7145843695255,134.098528532195,160.491686399171,91.1692224794091,100.315761939488,60.2213260647754,133.099880218767,75.415921279926,152.234261053483,165.646292401913,95.7573350310565,102.888518510327,61.5192983136186,138.299733692802,119.764528246055,139.685862505838,144.09893867496,109.900166134997,80.8280213864598,56.7832554830207,119.803941947876,74.5039876063691,140.306705172989,148.659171626745,117.121122468366,70.4614973797747,50.4514648399826,84.3108632902664,62.3499978027265,122.316025725373,151.024238148219,131.949135845029,140.431451893798,81.1161894029176,142.129920302693,76.1608846209785,116.963888561812,131.433825055615,163.923437267219,172.13106133772,109.770397679657,182.925865182456,88.7890629455565,122.891921180768,106.313151532395,144.574417337577,150.665318760656,107.72910127027,173.905969308129,74.4233303541302,127.44859438711,121.702564254004,136.738525669432,144.391855782277,104.085533785921,171.5312918435,81.4177463901452,159.891673784159,128.143498068572,130.204248525154,106.500471432055,84.9561652471438,168.992009243781,74.9837461887575,154.374847606403,137.109585075224,212.636006455868,140.453634258783,61.8113845885206,54.879815387809,0,NA,NA,NA,NA
"6",155.893598786159,110.096122278444,90.1644987300989,94.9259206434154,49.5212429190746,94.9941058105712,67.7397552863162,135.451283473986,97.3190219779771,76.503098187263,68.591364494738,35.8439396446596,88.0229749625062,84.0568270546777,131.954780788723,118.539234283422,64.6861973607971,95.5349732218521,38.5111549716443,92.4636962191108,107.768892112938,138.230008053606,116.531635290594,85.1957404216901,113.549140667158,48.6802547086599,117.936907295808,114.151620836062,140.147501227278,117.702124799215,89.8426630727296,115.470481818948,80.9907779750263,100.016201292591,94.7888234986066,160.087151868912,100.848966689054,96.8146749994545,92.979102035081,46.2121986736186,93.2061452775513,96.5960565382977,169.103974353798,97.2786732536993,98.0125199630129,70.5176162724606,35.0064014860139,78.2686724829928,96.9746225166667,178.027086215132,167.624098225762,121.929345271145,152.925175328492,75.3107909947173,98.2228952001518,83.1051337809524,211.874824385768,204.961121116299,149.063889774653,204.704424570526,105.001516306909,121.462637940644,66.5338492254131,194.905069319656,177.425813387596,145.895459413582,187.760460198626,87.3215917628624,115.314036614152,83.6655738341643,186.856777528272,163.256482686753,142.6009476073,166.645288002692,75.429504308659,132.542450684677,88.3869176136944,179.16599058136,133.839909829804,125.589180141046,159.641855430366,63.853802490533,124.929489030813,88.5022604202853,157.815497162034,85.6160212022259,6.934265408102,0,NA,NA,NA,NA,NA
"7",162.18655328741,114.86519084997,95.3896138921843,94.7574613143999,48.8706818092402,92.1714070088984,62.0652922936805,142.02995484756,102.528026027033,82.009054564115,68.3565444525979,34.362174894788,83.3508136343011,77.6179495493794,138.526315567657,123.69564276178,70.3204886981739,95.2411891476057,37.1359678950206,88.2996663541262,101.296303478952,144.628044518517,120.351315099794,90.3500481945084,112.913061310461,48.9260479933747,114.875711306829,107.951427254344,146.352322190323,121.386648032228,95.2088559050575,114.320265496761,77.5568446157398,96.2221576392361,89.1297994864793,166.702237724183,105.316006411656,102.947823602541,91.5902140433136,46.3852920493124,88.0369948956119,90.3425378047352,175.835645230141,102.371124399168,104.573199316316,71.7554050995463,36.4619951559154,73.8479735842494,90.2598930782659,184.150841384176,171.938713304334,127.7969179734,155.5466431605,77.923085087155,97.7326514387592,77.5730118082313,218.113127189195,209.672943286682,154.627029438582,208.21446280458,108.746495281457,122.904362889403,63.0104122824157,201.371110470817,181.5745007552,151.336991727898,190.407929689785,91.0481383376398,115.383512914541,80.0966122176837,193.302093619029,166.606708359838,148.082197387971,167.101367694134,77.2647727719431,130.133985381414,84.4029584345241,185.511479997196,138.311703816055,131.354707853392,159.566697752069,65.463486565031,122.272797809856,82.7995052295,150.890291802521,78.6964745668445,0,NA,NA,NA,NA,NA,NA
"8",236.366434060549,179.630407490631,164.14205801759,124.380693142063,92.194744829898,96.2633646318785,46.911926615201,217.516478277509,168.980573150436,151.818072167809,102.758422308101,80.6806177978949,64.5451343654191,27.3882108670866,213.554682394229,187.963414609067,141.06957235173,119.096286081893,81.0553952106212,72.5920732139536,35.915417041293,218.106325358757,174.469069413464,156.599181075445,129.197015179338,94.2857594814827,103.709393467998,47.7304828542515,218.471584468667,174.738007139975,162.807645159863,125.20377952562,76.6705833126369,82.1309437575144,48.8334321059866,242.249283314729,166.544892454707,175.831301810144,107.221708523741,93.6159527150688,58.6103285394307,36.5887325586717,252.962551272417,169.814128762892,181.183473828327,118.658514621792,96.0543198586092,68.6088340139227,24.7392715383861,258.18087621133,232.965903832514,200.877060479165,203.874381792441,134.466964520101,127.310189713942,56.4420539159411,292.721738498356,272.847584638842,225.26039686383,261.540820546717,169.06414038243,164.641041769663,78.2985586792631,277.467019778027,240.88203389263,220.915284859378,236.80444808639,152.547611441477,146.228951246838,84.9043015783064,268.989666281532,219.612628064167,217.426951874647,194.03747089029,128.25702783376,131.817129059542,80.9029807995354,260.173077234175,200.546125996615,202.768223505312,180.82431543006,116.960486154513,121.611374120598,52.3933973845942,72.2852364075819,0,NA,NA,NA,NA,NA,NA,NA
"9",305.506229744174,244.871311253993,231.721993700965,177.585980210995,156.766805666091,142.137743404945,106.378533714514,288.160033962467,236.555968350515,220.958688917748,163.619273107571,149.111626666903,111.443125275855,82.2393541651441,284.549597166294,255.03338241493,211.363361021961,173.825567774134,149.513658791597,118.917986202677,63.979184933461,288.747700370064,238.330052912972,225.580451549996,179.286456077279,161.625642416357,142.042265254043,70.3043277970852,288.832874051327,238.572948188285,232.338606625115,173.078413043048,130.15800015558,126.684302837802,93.0006954772382,313.779260437971,233.90637937271,246.864343660137,161.671844114088,161.828048889091,104.682056356378,79.7030677593404,324.893076280105,238.811231711367,252.98725679765,183.181274706914,166.255920732165,123.508272719887,69.034764030523,327.392031223654,295.35002019553,270.184567403932,260.317253017832,199.145020140474,181.044257021591,106.120635906736,361.878168247271,335.092373853464,292.628201800937,317.926245393881,232.807376408588,219.469382086659,136.299637307845,347.414588547315,301.124110164314,287.422797248235,289.173469688179,217.301577183646,196.602144045405,134.784871207788,338.664357576569,276.587977259045,283.832613469629,236.222495113188,190.333641572503,165.598668839758,127.21778772149,329.312850691406,263.544121040007,270.615443389693,220.625164440165,180.515085357152,156.251336872681,96.8531022038014,0,NA,NA,NA,NA,NA,NA,NA,NA
"10",215.806631070503,151.966421499126,141.406430466404,84.8205668602845,66.7776061734022,55.3723619258742,30.9093766719745,207.132682655949,159.404000041561,141.710649180822,94.6863141787133,77.5256156683067,63.6059918462876,47.2389685217618,210.728429846331,191.139138068319,141.019984631612,132.501989836002,88.8804210118854,94.0310693388095,71.2804551910971,220.498737394344,190.804172159573,164.879517671238,159.990838772881,112.068859155878,137.192398306174,92.1819815338117,226.47753616253,196.948917775016,174.993861010894,159.717971127234,95.4597055385151,122.583945219184,95.6759014525079,246.228256161839,186.422617190753,184.912210427678,145.687829111597,118.243719969603,107.535716185368,88.1243291336167,253.309007700575,182.125330878217,182.97162113153,139.335455804508,113.17939373181,104.318268492388,74.263289734902,246.086744253424,220.334582329919,191.386089280935,192.461622912855,126.059654280226,120.460418385045,64.444271803241,277.202633615736,252.0893023955,208.100581794598,238.801351602645,149.90539103131,142.821823600247,63.7661598518368,259.358477993298,212.362106169509,196.332801649393,203.099452853768,127.860809177402,113.263229753747,53.301624707883,248.761272577244,182.645794883841,190.202108612129,146.981938063832,96.793394977395,81.7484820959998,33.978910271667,238.594742304813,167.784785595268,178.730549611699,130.500502214551,86.6374874635685,69.4384056844625,0,NA,NA,NA,NA,NA,NA,NA,NA,NA
"11",198.424202450205,130.918333602479,130.535287065414,60.437915752448,80.4867298021854,52.525475411937,85.6107919146295,205.131384761694,164.425212115569,149.085197713422,117.705157732149,111.974199210131,108.460067613615,111.496906374123,218.495734803909,208.369957348702,161.148568977512,169.44676512256,129.416248320101,145.549291269315,136.302289812937,234.072357668521,223.207065765177,191.007341056568,209.74807177004,155.709226619684,191.851432324598,158.518891276403,246.559784827636,235.111409133521,204.353210284302,212.771492688753,144.184743601742,182.954078586677,161.612142052353,260.166513995364,223.095034759293,209.967360790314,202.589918863822,166.734937713276,173.831998123188,156.603895964468,262.502743258523,211.852781472182,200.049796449534,182.896042215927,156.634172923727,164.203220221925,143.271229764562,240.098593034716,217.33254017864,193.877439100711,195.1973033273,141.797860340874,141.687982099753,117.7348255286,264.309926978727,234.596409184476,198.222292836225,220.463386414275,145.639036958674,137.955353511562,96.7585764687038,243.152997964245,185.431530783602,175.711923930905,169.597196968287,118.603869066317,96.8427859380863,72.9210566194703,229.777273920312,142.958583417541,165.214155617792,90.9250478856074,85.1558173071576,32.3809840029608,48.15040833939,218.030466773568,135.796397173305,160.007089032018,64.4089063426014,80.7694134558374,0,NA,NA,NA,NA,NA,NA,NA,NA,NA,NA
"12",130.255058335559,67.4512791001772,57.3137956887345,45.1101126300966,28.3965714699856,66.1885350513969,77.9358473633924,129.62072401144,94.9823519410317,75.4301077504865,75.7677522614338,62.1276036295462,101.654050891984,108.337409480751,140.617520553095,137.569004635855,87.3768058268326,126.756388436639,79.1887504084387,124.962083293293,137.663060184096,155.670158917822,155.552052527442,118.282167119562,163.293830955888,100.339444489692,162.508609067335,152.743957008125,167.170790532467,165.643703492617,129.3940306525,168.063541617449,115.383512914541,151.562994937749,141.896653493837,179.517417381991,149.972888357363,131.393166337713,154.034094015741,109.263572274798,147.144417462913,141.875420902459,182.463212893038,137.440169581167,120.46951913451,123.947074903969,95.9687816349671,130.976571711318,135.810512697839,170.384888209753,161.030426471211,121.358593648122,150.059951636837,83.8882294380445,107.762595716232,107.329390947913,197.581019944984,183.555874385022,132.980172462853,181.54788172339,88.1257753625464,103.793614507348,73.9302172677045,175.339579835815,142.363599648049,114.305057703061,147.095144775414,55.7331887523045,82.1241623655913,71.6219331175863,162.912882398078,112.443293098121,104.096653325167,109.02479597321,26.3283147058447,88.4146596498567,66.7846947305294,152.230809741327,83.8138141373485,92.2106726659122,98.1941959804652,0,NA,NA,NA,NA,NA,NA,NA,NA,NA,NA,NA
"13",174.766152676226,114.665518568138,124.751822329375,77.9257178167131,113.411633431055,97.7217027302533,140.066586068912,196.119321313582,168.841132552172,157.305149356275,148.912790835777,149.167070814909,159.125422744136,169.37589299617,217.303969582357,218.346916816451,178.025004258531,203.788854322924,167.572450152166,194.333713218397,196.135958206291,236.863471502573,245.106311719527,209.379667700209,249.397438692742,192.363229949879,239.078911916651,217.483699711611,254.02719365749,260.249309644617,223.580773214626,254.806888052992,189.77141289259,232.869374564905,216.967453919937,260.87947826391,246.929054803196,224.54645260725,246.235843184943,204.999459418799,227.767817138967,214.144533354228,258.722685836592,230.853742118793,208.653099838584,216.915258000676,192.07254924442,213.592542215312,202.454721904677,225.201797276354,211.062569588381,191.266108521609,199.623130667516,160.937007196915,169.945841910739,170.309301799696,241.077087661291,212.747094479572,184.004427279617,202.508018407914,146.577970457706,145.265912914042,140.000503990164,217.143795771949,158.490650353578,152.490957313049,142.557765394418,119.425179377089,107.144360812877,118.960473596275,201.716782525649,106.489850199444,137.819139709439,54.462060420535,96.0955988222145,66.9251617200138,103.580617059853,189.295245992207,105.74589585653,139.870047652276,0,NA,NA,NA,NA,NA,NA,NA,NA,NA,NA,NA,NA
"14",41.4174168255337,36.9079445411147,42.4902162238556,115.453744354612,114.920969134227,149.869513661885,166.333974609068,68.3745161902444,85.4245470883516,78.4653894800121,134.860233090596,131.869257783041,181.613099924675,194.267572336456,93.8611113480977,123.482711960015,100.228774244226,172.289088897121,141.817486006663,195.636043209067,222.250409261153,115.022989945489,160.550369344016,122.437792603019,205.766569341937,150.480627136851,222.073832773022,233.438103406449,133.285772881992,172.300828083471,129.718422301923,213.607699485529,182.241351510847,215.167044729206,216.851089926359,129.524879826233,154.854050948789,119.057364512868,202.350745956742,157.632719088551,217.731955693233,220.467680799817,124.253278816899,136.505646723863,98.0167857614195,161.747094985505,143.813511821734,197.745791955859,218.604625927152,106.856681282688,134.502340706398,85.3443095774405,152.896475350971,116.830266912089,157.20815559474,188.123455002958,122.24440422776,136.566427861133,81.8507618061677,156.047159888445,92.3478512865892,131.213559804237,152.397927011,89.98463326313,104.570040457341,50.6958213958508,135.263802369666,74.3125565870264,131.38773234686,155.455968545759,72.416996504619,89.4605891957459,23.3669065988633,139.315193440988,89.9191216719225,162.575389489,157.159731428728,60.1264369682754,38.1731763513334,0,NA,NA,NA,NA,NA,NA,NA,NA,NA,NA,NA,NA,NA
"15",72.4199506161803,38.5226770681893,53.8777285712752,99.7471117589377,110.379329573068,136.216202554982,161.041821464177,104.267869209551,107.515179195777,98.4167139997064,139.167604425383,136.553397616097,179.233697195868,191.463450186321,129.988057748587,152.396181883766,122.404890058568,185.008506725367,150.289493450141,200.159467136206,220.629619249094,151.284799278546,188.249250530381,149.247021203942,223.527135446684,164.669651445705,232.979366704972,235.047689600962,169.519128540115,201.141223041176,158.70645455447,230.900354103778,188.528384494882,225.694570761571,222.11982229531,167.236976822562,183.661823549425,150.426036735666,219.394060002772,173.06963654408,225.428554164618,223.673822342938,160.587735552875,162.701448617552,128.347179488877,177.069932519612,157.602050146088,204.227998777102,218.34341310193,129.505670844948,142.508074958053,107.014340387165,154.106152395029,121.22366360575,154.591871400957,183.728988231308,142.505506022574,139.320854971537,96.0960251233109,150.474387260756,92.4153844578921,121.882213715743,146.04856473961,113.42928848957,94.8017365426394,57.7341343465891,114.448752742221,69.506793101466,112.793340341972,142.711015980722,96.7667984486415,61.3580764732729,32.4443686138288,104.386663081306,77.7316211814729,136.24689135261,141.921078730399,85.1879588102098,0,NA,NA,NA,NA,NA,NA,NA,NA,NA,NA,NA,NA,NA,NA
"16",27.8132183412851,91.538546638834,99.1144587547649,172.651888686455,173.891313328901,208.007542071796,224.842372911002,73.0412725433367,120.943645127596,122.63295721889,186.521776793623,186.606179228476,237.217816190627,251.628069397077,99.9901010800569,144.542894133541,141.534914787836,215.757237464934,193.889157353499,247.475388785431,278.760785420493,119.268147920977,185.980970038604,154.279079946051,245.43737812984,197.764411149984,268.419189601824,288.272660485694,138.620826268097,197.287916749227,158.204046891981,254.230091778098,233.233343636796,263.579970122921,269.815716898127,122.332613637983,181.673999708957,143.080699964216,245.155876713674,203.963941406931,269.118381470869,274.878507018555,111.072019983657,164.329067352675,122.706015897755,204.533760994976,191.653792928812,249.08908663418,274.860539771081,96.1749293072264,150.495901641872,107.678359981242,183.513848224732,164.89864985272,206.587890783802,245.008123013809,93.1572273766239,137.166149739103,94.8356587721623,170.130792523723,136.027304305974,176.513147704357,209.79766516992,51.2286939956505,121.796982865956,72.2824117299637,162.481557848883,128.341304937265,184.072065724949,214.334682657754,24.0782256250331,122.174438571454,56.5186891965835,185.525435322222,149.089847106535,219.754327810626,217.216790861687,0,NA,NA,NA,NA,NA,NA,NA,NA,NA,NA,NA,NA,NA,NA,NA
"17",196.472648155538,132.255936216489,124.058419883537,70.3246219630792,57.7276071650298,54.3273894320351,52.5168398563737,195.052682056669,153.831704188376,134.748548572888,101.989002532136,83.5348318996333,87.8179498194988,78.0119520794731,202.632834237815,191.203133757661,138.875596330853,148.292607566089,98.8902690738578,119.42845712078,104.211633429287,214.857599415869,197.633924798477,166.237707516225,179.324187952992,123.115808965583,162.724643137572,123.997380910848,222.320629427411,204.026559708534,175.737099564235,180.294985119526,117.455206177717,147.623349837517,123.489194136572,237.795586028736,189.208855589531,181.023391847573,163.450604075054,127.372451501492,132.144540525706,115.96935181978,240.768520745549,176.400929238624,172.531957911426,139.518015562507,115.843379112705,116.590021256109,100.283651294715,223.951662009908,196.119080933626,171.666488635668,169.182997284006,108.16230728863,103.835439524519,70.2158787490408,253.389694345982,223.913779375009,183.64691754696,209.370259066325,124.735496184927,115.699120317529,51.691927982036,236.359791617039,181.769577145077,170.049087850391,170.250316023936,102.232540363868,81.922471724796,30.937553818135,226.354007320392,150.610249148257,165.582594268691,113.964920546851,70.4735025630201,52.706846853611,0,NA,NA,NA,NA,NA,NA,NA,NA,NA,NA,NA,NA,NA,NA,NA,NA
"18",202.92660315247,139.005046981216,138.572145423422,82.5251311813559,94.0088998353347,80.3037755292365,102.433360343445,214.088458547513,180.190558538038,162.664004310265,140.142439163695,128.00832115433,132.167292106444,127.984578750723,228.15058200123,224.214344051624,174.039033729506,191.941462611651,145.362867983024,167.372878179232,152.680255017635,243.842448329859,238.832730461091,204.14394452812,228.347960926412,170.337072055674,212.405258960319,173.928219206948,254.530256410215,247.447347467598,214.506154600515,230.461432825538,165.358465636024,199.478280701183,175.658724448147,264.946013616925,230.849150822025,216.082234871935,214.723811046307,175.579136651397,184.750162610213,167.737226465236,263.143653053328,211.344858408006,201.095221456155,181.407302888417,160.95442846191,165.017167459177,150.25055504806,231.573940876883,200.680330885964,186.821800877869,175.077854242763,131.948948579555,125.538874901363,113.697511447041,255.786677894882,217.429958962076,188.192434232224,198.425672210654,132.891196748506,117.130407727883,90.4326105298857,238.970011629074,168.890200019865,168.686079213728,147.044785427774,111.36575503044,74.3325174957098,64.491723271285,228.543583200776,129.698231756451,164.298472943299,72.0581452717179,82.856437844322,0,NA,NA,NA,NA,NA,NA,NA,NA,NA,NA,NA,NA,NA,NA,NA,NA,NA
"19",130.608622733149,73.3509173255523,65.2455559521106,64.7422100815998,50.6187396573641,85.3684321661116,94.393298713415,136.863063506923,112.655634965589,92.2673727544033,101.332835470542,83.4608961939662,123.424820670317,124.34253144942,149.384956991158,154.318392368667,103.551380735604,150.574304369139,99.4048089631483,146.792160322852,153.447300401473,164.765477100787,172.523575747635,133.484910672518,183.290874555991,118.462063474979,183.557185112024,168.399762363995,174.56164270681,179.280767229784,140.955625067785,187.185384483538,137.537802389925,169.503893776072,157.257178890186,182.581248284839,158.81377890158,137.681180658433,168.368187096019,120.938722868236,160.071624694229,154.565859948114,180.411413318282,136.144968064376,119.690776947307,123.289306525343,102.408028573203,134.409636451409,144.766898013669,156.963165722089,140.079243095649,108.837321879951,127.270870416211,68.7445286586504,91.0999732423122,106.508142850676,184.310847752513,162.109839776924,116.569651412793,156.894365391176,66.4030086328925,78.9159166882702,68.8733710333682,166.048788809946,120.225915249167,100.007531237652,122.335034790734,35.2587551148647,58.3508872683184,66.1552619165702,156.574730303137,93.0949856624942,96.9123499366825,93.4059430777828,0,NA,NA,NA,NA,NA,NA,NA,NA,NA,NA,NA,NA,NA,NA,NA,NA,NA,NA
"20",176.468688947926,126.397532540196,134.486132107552,110.836277276441,130.133175901651,130.767821463271,160.146003350849,204.053844112896,188.701393879987,173.481177873134,177.284735148715,167.826833381167,188.379715247555,189.762947558263,225.302874379134,236.448620403038,191.799395487838,231.823210989538,185.790166839502,221.314956878201,217.2141205959,244.395722269233,261.834871687291,222.69947280472,271.06126853029,208.304232305779,264.326412130911,237.093292736214,258.011939867615,271.415697996173,231.782434807947,275.151725867747,215.572997301378,252.228549992859,233.759626592682,259.364878662282,251.036999323307,226.190716585031,258.403719981447,212.592441703015,240.025162165345,227.672352753359,250.180687136817,222.40481641255,202.407920142716,209.625791102264,193.56954093426,212.565382991328,211.691018766149,201.320516836337,175.163347788571,171.658388088814,161.46492273014,142.552647513997,146.151189497383,167.305227937593,216.764162537307,173.934542952945,158.466038002627,156.58339108044,120.708125307495,110.203182161406,134.261558628112,201.12903823665,120.477056690268,132.829149980341,93.8926690508902,104.439352303143,76.9954290023116,115.380514760942,191.75396569628,74.5777788536907,130.929699715152,0,NA,NA,NA,NA,NA,NA,NA,NA,NA,NA,NA,NA,NA,NA,NA,NA,NA,NA,NA
"21",48.4200483735818,52.361286713086,62.0658632804701,126.646663278193,129.446025017186,162.083514341373,180.938996076716,87.2266144261601,108.531154500678,101.310139306241,154.560910398619,150.30024695339,198.780102420363,209.972156300544,113.584013142255,146.37885809433,122.770766261761,194.406574819372,161.402610069509,215.140382370442,238.556765862446,134.458247779748,183.39635810588,145.088783961752,228.118472037558,171.23662589966,243.293127988647,250.723230774494,151.761713415308,194.005516654166,151.08257852744,235.626510137336,202.204462083555,235.332057662147,234.89733144557,143.944462102576,174.648613882991,138.145931690912,222.690267773987,176.626903690378,235.613917453957,237.167258484914,133.603927707048,150.757013612966,113.031775297922,175.753801154484,160.639285595087,211.94602463894,233.19478128541,101.2758142537,127.264013709689,88.3640201057535,148.294835084537,123.392882196462,161.291864170205,198.429801245302,112.107199577012,121.198050234936,74.473801032645,141.116541515338,91.7131349439654,128.18959821491,161.263703620033,81.277864929512,86.7087783056018,36.289752313842,118.686911382427,78.0122063045265,129.637438108172,162.478048063423,65.1600946649865,72.5201932791826,0,NA,NA,NA,NA,NA,NA,NA,NA,NA,NA,NA,NA,NA,NA,NA,NA,NA,NA,NA,NA
"22",120.52100423059,97.0857371218863,106.621992208456,132.106030060138,140.563498983555,163.11352810696,185.43474112609,157.385855395267,164.404118447501,151.094319213199,183.429715616091,172.879686860545,212.406991685773,216.17181734618,180.992182986586,207.528877959791,170.492628140486,232.703629413574,188.068642374267,237.38666859946,245.367967215568,200.523654931906,238.376058158637,197.684402781934,267.714742107154,204.087849303309,273.364228162263,261.215459382193,213.853943495321,245.884074947932,202.76188504068,273.071282442424,227.37937054678,260.841943042621,250.193197695301,206.707216925897,221.996957360906,189.693761290402,254.331817623159,205.129947198111,251.781128526842,246.964973683517,191.341407555971,187.059457513514,159.521895943002,194.5470756488,183.819425649875,219.14281919447,235.105688192566,133.486199134967,122.047403545713,118.110720413094,128.487245528496,124.109110384774,144.817589243331,189.064418724148,143.888284454468,109.065041197902,94.3900540655635,106.690202064201,85.4375663891476,97.2719251133132,150.903980061826,129.490162509551,54.3432461765029,65.6985565081152,56.3845826201631,78.6806084702578,91.7102457062459,144.101808612002,123.307912428603,0,NA,NA,NA,NA,NA,NA,NA,NA,NA,NA,NA,NA,NA,NA,NA,NA,NA,NA,NA,NA,NA
"23",47.720747964067,107.526137582915,112.855037450705,187.628890833075,185.33758568353,222.278089557878,236.08029730687,86.687256563465,137.578193070341,136.954406166797,201.770054806208,198.340117957765,251.117710370057,262.661052655794,109.669903019242,158.159895146494,153.068794158868,230.571991288513,205.251434113138,260.816668909888,289.768742568967,126.585665186663,196.473098263477,164.505773051434,256.835660742429,208.013847296881,280.938059734259,298.672192888374,141.90384105795,204.172431438478,165.05661502118,264.88322954134,246.438339296567,273.888918969443,279.314431294733,120.777161022894,185.185273360222,146.180075037606,252.508125581138,210.485504977184,276.888881132396,283.330556228057,102.814026766779,161.61565454884,121.67508506161,204.574315385632,196.172196086117,252.537552848086,282.192705779225,76.6442450090025,135.604284000359,99.2467927768953,172.869553658243,163.746109101865,204.65972271859,249.518319594975,69.3909071763008,119.254686172075,82.408985623535,155.667510613166,132.883272135736,173.004390586626,214.408291405673,27.3336330598404,112.384937017823,68.1787553916174,156.357144196388,131.398906921823,185.777687469459,220.327326701093,0,NA,NA,NA,NA,NA,NA,NA,NA,NA,NA,NA,NA,NA,NA,NA,NA,NA,NA,NA,NA,NA,NA
"24",195.503200039027,136.854760709118,126.466305861482,91.1629101389375,67.7561679941391,82.3412136706158,68.7216862660543,194.785049515485,160.363048844645,139.071522581907,117.334910402872,91.5294607284999,107.715709630722,90.7532568754422,201.018646284368,195.089902764085,140.331001699553,160.413270581021,104.96194325683,133.412661368777,115.541670596586,212.144665731901,199.341885105715,166.360116022441,184.772790608493,125.484652760806,172.35692397319,131.930755457172,216.472690104895,201.111089441259,171.69182381523,184.592782731341,130.034059023011,152.490426420808,127.562655954829,229.541496081863,181.276838424687,172.859579735258,160.879823347274,121.532082403166,130.958005167687,117.424382369038,229.327324122639,160.310799520806,160.377505802715,120.923148283321,104.665295939007,101.912743115128,98.3932526611962,208.021337043223,173.098996244923,154.974233378488,142.211744206482,85.0776498573509,73.8106122552848,52.6517822561592,239.253717046361,204.97825853063,167.895104201254,187.927635303459,105.473681242052,90.8878596595827,26.7851859196459,226.90659141043,167.156032228125,160.387203864585,155.307477331261,90.215598013869,63.061933075747,0,NA,NA,NA,NA,NA,NA,NA,NA,NA,NA,NA,NA,NA,NA,NA,NA,NA,NA,NA,NA,NA,NA,NA
"25",172.034008949539,124.037530818297,119.219517066209,110.289693272989,98.7740121818487,121.465785756731,124.706200723942,186.013881534417,169.79215546809,148.784246686267,153.491212720794,130.382430125765,161.228202103416,150.87843180604,198.547586737412,208.924761783399,156.697068429023,201.189584813056,145.145444482423,186.747691389345,177.258102879671,212.810254201366,223.036864793132,184.316266691928,227.964223920114,163.232690514952,224.19379136196,192.763439467265,218.575186328412,224.29727233852,187.094695580206,229.425364947405,180.143220877861,204.845963165619,184.734731960452,221.968547722983,198.364432799834,179.038080489878,203.474539638255,156.804822604408,185.016087784954,175.929528591706,212.598022172127,162.657392304346,154.26287964786,140.962233255933,133.367684055209,145.94063260792,157.874670313195,169.81359267591,128.409171410184,126.596865565463,101.025587058428,74.0996566692451,69.2116178451999,105.260373847427,196.628462899576,150.73381526552,126.577412588108,129.81114565591,67.4151424273508,43.0771236591999,71.3160647715506,188.906067044576,110.089043467095,118.957379742704,92.6275311516506,62.3416592356187,0,NA,NA,NA,NA,NA,NA,NA,NA,NA,NA,NA,NA,NA,NA,NA,NA,NA,NA,NA,NA,NA,NA,NA,NA
"26",113.81187355676,73.6043044851998,64.7335518510301,96.5292185092162,79.4133747441198,119.851288556903,123.911867963686,124.357941848319,116.28888831161,96.1425380996882,124.499255103193,104.862811974742,152.696054720644,151.826773009572,137.292236812574,153.778172321367,106.2225693391,168.32823694942,117.563874881913,171.097684269835,180.038850738528,152.448789331041,173.666416585073,133.016428030526,195.780014348375,130.865011200473,202.820059033864,192.35940845589,160.218967592011,176.864104736518,135.728008517034,199.658164059224,160.203859082732,187.026206754562,177.686021910138,162.292189262145,151.398550951619,125.169972849921,177.140064647301,127.534881778477,176.562644496224,175.021528860738,154.580825428803,118.596242613331,99.0690391772324,117.638735741039,105.248839751325,143.586170685933,165.618840837176,122.928412054537,106.315637805546,76.1507068269888,100.284147327731,53.064568708791,85.6241170436227,123.584320828938,151.212570385203,128.863378929974,81.9092191926526,127.451630074903,34.4454600310404,62.534184007629,86.0303451042131,136.880869468673,91.9098711251953,70.9387726106112,103.211425617516,0,NA,NA,NA,NA,NA,NA,NA,NA,NA,NA,NA,NA,NA,NA,NA,NA,NA,NA,NA,NA,NA,NA,NA,NA,NA
"27",164.882412386828,147.070601721588,151.508032725166,172.887126524794,172.836699416675,197.406624024499,211.066734842916,199.130992310966,209.019098038313,192.705585340047,222.133374622658,204.574911363173,243.844270999443,239.493569994061,218.871566963368,248.16160584889,206.84624866069,270.059651868805,218.856125059935,268.280828231352,267.155643246123,235.711194527328,273.118844887166,232.271850433926,298.727732996536,233.519769363324,303.449744999893,282.060831180971,243.58389787761,274.755419073492,232.657069873236,302.08861258826,259.139812682266,285.999983393356,271.152387583532,233.438752435194,245.602610281833,215.727722771669,276.586952234284,227.05011699017,269.646720885866,264.288784576172,212.353817209039,200.250835953311,181.125869948221,202.931702828193,201.942954204894,227.18559656204,248.159644570285,140.63894536454,103.435619541819,129.960761883155,102.108906547127,129.431421375375,137.018905857914,195.021857761508,151.830087892684,89.0684046126908,103.828669743718,65.7750294013617,91.7737135281667,84.0754528890567,160.486512407585,153.047800782958,47.0886137431333,96.2151529256177,0,NA,NA,NA,NA,NA,NA,NA,NA,NA,NA,NA,NA,NA,NA,NA,NA,NA,NA,NA,NA,NA,NA,NA,NA,NA,NA
"28",72.3863663095476,80.4769051731613,83.1590422428614,145.34200530645,140.129242603926,177.598354179452,189.650487769607,105.93268731723,131.342054183913,120.113783914462,172.617192397658,161.345561011916,212.716593547024,217.907134280867,127.0774533208,164.344206134564,135.868340865339,211.565101767754,171.790282662466,228.224330445945,246.182313103013,144.914927274591,195.692452816914,156.504454602736,239.433386219946,180.041373507591,255.354955204515,257.371938347987,156.2897704354,200.452204209008,157.235849390335,245.428175433262,215.371324348206,243.164986296342,240.388240320216,144.15921114171,175.234554672445,138.914439511341,226.371629289648,178.516240939725,238.178479827628,240.364873401356,126.373171063917,139.900729735409,106.443976532259,165.743018737593,158.442295986583,206.301488371388,233.860803074714,74.5110305441416,92.056179632331,64.9183575520053,116.928316838779,108.010158886792,144.026641176207,193.444850472299,89.6565784870246,86.3876285283373,41.056560063527,107.007908442554,70.2550730926244,106.800520932718,156.56984425888,71.4214258923749,57.2214829522095,0,NA,NA,NA,NA,NA,NA,NA,NA,NA,NA,NA,NA,NA,NA,NA,NA,NA,NA,NA,NA,NA,NA,NA,NA,NA,NA,NA
"29",127.555667097742,126.473588849609,130.164644468074,172.984732121797,169.131267781862,201.857532907494,213.561685520835,162.989158101084,183.921984538282,169.774354171942,212.112635818803,196.080070823121,243.033627932432,242.054912209503,182.659027554758,218.585103095453,183.750439719882,255.457275473317,208.304744253462,262.757378851194,270.211305589718,199.065009726094,245.971293561363,205.93418727897,282.107801158529,219.098553843356,293.445813428561,282.920707294906,206.909655578226,247.328999727084,204.688716020815,286.466245258931,251.546513951694,277.412929538711,268.252776518716,192.846512831448,218.161103658512,184.83500112127,262.217676672455,212.802714525685,265.223185597055,264.181223307978,169.613598389103,173.107840747466,148.792578663218,189.14280484729,188.659548873758,224.632836193866,252.103185865431,95.820144481732,77.1724081343196,94.9045528438968,96.4748075328477,120.53611828618,141.888684197331,202.844596609079,105.548529157208,55.0238832190168,62.1117712394358,58.4103536584054,77.646130776105,92.3896812866567,166.701053867395,106.5763676091,0,NA,NA,NA,NA,NA,NA,NA,NA,NA,NA,NA,NA,NA,NA,NA,NA,NA,NA,NA,NA,NA,NA,NA,NA,NA,NA,NA,NA
"30",71.9224595588888,126.690541648736,129.353748732884,204.414066339624,197.912964876609,237.761591135427,247.704066458849,103.901811352113,155.818339977199,152.882971868191,217.817213178275,210.643402509431,265.373876292958,273.665562802483,122.089382431479,173.038652244231,165.667897127054,245.654794953203,216.929716994353,274.135897178753,300.457098851483,136.013543544384,207.289727426373,175.472839295716,267.832020937098,218.306198486209,293.043062115451,308.49106408209,146.391431314302,210.869395704426,172.369878918853,274.967056917733,259.691611890912,283.568523567938,288.169644485241,120.979218692716,188.371592975825,149.884316828846,258.990931712386,216.615715903186,283.769877679961,291.052684806806,95.9517292196967,158.240849436863,121.6573598945,203.585370978,200.387732375263,254.9181790482,288.81872427225,55.2844528348613,119.490001562892,92.082985704472,161.253308233506,162.901993502996,202.323051900914,253.601530737198,42.2102725470945,101.210707853715,72.2652768848913,141.344853048316,131.330379647095,170.212585955034,219.22985933547,0,NA,NA,NA,NA,NA,NA,NA,NA,NA,NA,NA,NA,NA,NA,NA,NA,NA,NA,NA,NA,NA,NA,NA,NA,NA,NA,NA,NA,NA
"31",190.774587205031,137.396470467767,123.446935387234,102.550344859245,67.8657001916284,95.3122461491702,69.9491261811039,185.329382716287,153.058035493077,130.865011200473,114.185862283822,83.29115866345,108.419444886515,88.3733063783969,188.127592396092,182.676520123003,127.456589059766,151.44522133184,93.5060973920952,127.176374229847,112.041283536471,197.096870414652,182.877368835649,150.719580893625,169.564811197666,109.937787162786,161.170927912729,124.506013381884,198.487652765858,181.238418787243,153.126468106432,168.596506651977,122.336156318359,138.419775901964,115.385541696089,212.091643164576,159.39696112693,153.337099889427,140.780791127554,100.331874977497,114.689081329698,105.321470503407,212.323305719132,137.065692800022,141.767150811639,94.5606704766839,81.3519022933699,78.8636880224353,87.6739767348328,196.047877368004,161.442405138024,140.717803186022,130.527568139838,67.2039812771535,57.2034799575166,38.6075389658548,229.63061491502,198.867229800437,158.654606428556,184.188990672624,96.8755706047711,86.5439382929273,0,NA,NA,NA,NA,NA,NA,NA,NA,NA,NA,NA,NA,NA,NA,NA,NA,NA,NA,NA,NA,NA,NA,NA,NA,NA,NA,NA,NA,NA,NA
"32",168.061781180315,134.966190808106,127.250347733317,141.369456416512,120.912581265351,154.731447037278,149.486722382792,181.245649885039,176.34076011022,154.922779412035,172.580121077863,145.83052267701,185.915225751551,173.071996023331,191.075673950139,209.166802438867,158.997311595196,214.348173571645,157.29040587636,205.138017711247,198.180876638615,203.118924254979,221.117091788491,182.467241647645,233.803353665532,169.606202993876,236.607103262983,209.895569887742,204.631297289173,217.210079211923,179.802910386623,234.630090841946,196.817666108762,214.507342898792,197.386006037029,203.502062612397,186.287389059888,165.784976425037,203.710565707206,156.164138171188,192.752774466413,188.606979606403,189.30634107248,140.658115572831,135.794062799152,126.133798112362,129.418612318708,145.385344518455,171.669820033255,140.784881089022,89.2490309947397,99.8438131520927,57.9955274072924,55.3191160382196,53.0361258200483,117.449692039826,169.998541818746,120.028315806105,100.652079110419,98.514156963606,44.0122982273137,0,NA,NA,NA,NA,NA,NA,NA,NA,NA,NA,NA,NA,NA,NA,NA,NA,NA,NA,NA,NA,NA,NA,NA,NA,NA,NA,NA,NA,NA,NA,NA
"33",126.817909449927,102.316588435112,93.0916748076862,130.123566692394,108.579904294027,150.577584208275,147.87456376098,138.650063620613,140.97869586927,120.964802378626,153.386919512389,129.852444950028,179.145785039727,173.112663806696,148.956295962104,172.119871590267,126.411365298971,192.60815763682,140.055726992865,194.607675234689,199.710624480772,161.67683136198,188.475757943164,148.754339065286,213.174378334968,149.386967993363,222.839702831991,210.004687624467,164.700427608735,186.208036637789,145.928341375999,215.804011151901,183.697715142976,203.733457651781,193.73516882719,161.851135554404,155.679490282118,129.549923537222,188.012013596206,138.671790060199,188.926732804677,189.225100071317,147.989535054003,111.300355097142,97.1810486733396,113.77450765879,113.068170325472,147.318640078233,178.053632679875,105.020362304174,73.9253884044582,59.5720933953139,66.786452147872,43.2819515907035,73.9384845344426,131.32935720927,135.949970688669,104.11095705304,64.1485330853325,100.179072949394,0,NA,NA,NA,NA,NA,NA,NA,NA,NA,NA,NA,NA,NA,NA,NA,NA,NA,NA,NA,NA,NA,NA,NA,NA,NA,NA,NA,NA,NA,NA,NA,NA
"34",177.483665587146,178.414547260026,177.734608536154,216.875823979415,205.174625832484,240.275863263458,243.077543211009,206.743891588119,228.793025750349,212.382912882605,251.665097845331,229.700973836638,276.586666590239,268.436353795923,221.07496300746,258.039046061347,220.621300487396,291.917648319265,240.233633709978,294.231165180118,294.424866224815,233.686748505879,278.373264307566,239.763984252744,310.982608876284,248.607540386952,322.422884351049,305.21178389153,235.129268028249,273.335776305445,233.550126064513,313.300460414998,283.708497470115,301.890943893238,289.994702428337,218.750386711087,239.647835972913,210.487605681427,282.747037997748,234.888895111072,283.385263135277,283.008333149397,190.959122998876,185.799549877684,172.439599719003,198.05352108458,208.254369127637,234.352455648538,268.060538631668,111.102999597221,60.5948414697984,115.420397354627,74.3391699408865,134.278075204033,143.125939229233,214.842086924327,122.433955446396,44.6816905622426,89.2858676499254,0,NA,NA,NA,NA,NA,NA,NA,NA,NA,NA,NA,NA,NA,NA,NA,NA,NA,NA,NA,NA,NA,NA,NA,NA,NA,NA,NA,NA,NA,NA,NA,NA,NA
"35",97.3912837385872,111.889536829857,107.664496982524,171.096257190945,155.631315385111,198.951784412706,201.225232519433,119.159063478193,148.976281488027,135.773566468219,189.15849467444,172.113352717039,226.775120093673,226.642561173426,132.371723169074,173.016109426984,143.93631931778,222.553535930683,179.835737612133,238.096848268199,253.268775407668,145.297203174218,197.165605890708,159.621484157835,241.839442995761,183.815208974258,260.816688854931,261.7579918651,149.198235882667,195.148449505754,153.995264280269,246.329051007489,224.996976634687,245.032920675468,242.445441739992,133.158463160439,164.837329508519,130.293297419706,221.844615624315,174.958660990246,236.37400888687,241.221600488016,108.997530024767,119.605218593296,92.9327515047844,150.382647635956,152.667907966114,198.180405801129,234.234880166255,44.1061404398526,56.4054639441074,38.079705914043,90.5598097861297,98.0388415552734,133.038808117218,192.232104753602,71.8370664716343,64.5091034854771,0,NA,NA,NA,NA,NA,NA,NA,NA,NA,NA,NA,NA,NA,NA,NA,NA,NA,NA,NA,NA,NA,NA,NA,NA,NA,NA,NA,NA,NA,NA,NA,NA,NA,NA
"36",148.877309762939,165.805325766394,165.820302321519,219.411923851576,208.035651523964,246.885708732806,251.150469614333,179.565035899253,211.925291627734,198.633912591732,248.006537084207,229.234269326163,280.831024175571,277.102858827277,194.265990783899,237.196404088995,207.671450484293,284.716418579523,238.383026305356,295.425023339679,303.74831051382,206.588282655987,260.975876510167,223.773472722416,303.583689122127,244.01446723965,320.410816099036,313.373021300095,208.848711322335,256.909337474332,216.951801557973,307.18926254062,283.301131364225,302.337959160358,295.667667166195,187.920036751673,224.550981651161,191.869659336749,279.468801646087,232.269277659573,288.803569619127,291.551113919155,157.622428702263,173.365888519772,153.713447950236,199.03293807433,207.568547998607,243.773520886703,280.395778365153,73.6074185459591,55.3317389592086,96.6837804779064,93.8419956309541,140.985346791785,161.9534069177,231.470164964083,78.4422567928154,0,NA,NA,NA,NA,NA,NA,NA,NA,NA,NA,NA,NA,NA,NA,NA,NA,NA,NA,NA,NA,NA,NA,NA,NA,NA,NA,NA,NA,NA,NA,NA,NA,NA,NA,NA
"37",111.782454542294,158.877297236736,158.84353229751,231.489789324497,220.089640248581,262.684728456471,267.668349907586,137.967030667656,188.10702896556,182.092221858184,245.116236131453,232.950505773759,289.141801336732,292.629425066072,150.765139523366,202.244703871325,190.832544594731,272.27757992534,238.638369526466,297.158866745551,318.794561705105,160.900764762011,230.55337606832,199.104963432608,289.183657018771,238.680923555906,314.902817315914,325.805200469544,164.567862970721,228.556579660814,191.575093497302,294.877433162492,282.927824037333,301.922659827811,304.649959944606,135.719528480613,201.450001613924,165.308338067836,273.754709322506,231.236835971802,297.640723317559,305.589243374583,103.223329110962,162.081542519499,133.101030732297,207.833999897154,212.329289850694,262.217566320889,301.362675662979,38.6613891983979,100.15973476153,94.2727274785768,147.344081817866,167.374686654673,202.368729396367,262.376384835316,0,NA,NA,NA,NA,NA,NA,NA,NA,NA,NA,NA,NA,NA,NA,NA,NA,NA,NA,NA,NA,NA,NA,NA,NA,NA,NA,NA,NA,NA,NA,NA,NA,NA,NA,NA,NA
"38",225.064688725819,172.094933818518,156.775613443227,129.501310019436,93.5683992088141,112.130212614621,72.8674089802842,214.209538001929,177.697452131425,156.41145841178,128.357430811387,97.2183946714818,107.823703796985,76.8688649600734,212.932559775977,201.114820620585,147.753511290764,155.632725502222,102.331185459272,121.007946756608,92.1642743393556,218.921598971527,192.603897045854,166.440019757119,164.927806238063,115.183149988399,150.59447889033,101.409178308721,217.16976453572,187.802730591171,167.422744926578,161.169063946063,119.790790108213,124.436266388662,95.2935170591368,234.108695086812,168.360976453868,170.927506225593,131.236710612923,101.85736164117,92.8922020691188,80.2564040435404,236.926094783795,151.655827803451,164.941587139963,97.5234156497813,88.6826027738812,57.2734881991659,57.1642549544731,227.127493682513,189.674648107621,170.742634100274,154.582644745456,95.7354022684398,75.4919952461849,0,NA,NA,NA,NA,NA,NA,NA,NA,NA,NA,NA,NA,NA,NA,NA,NA,NA,NA,NA,NA,NA,NA,NA,NA,NA,NA,NA,NA,NA,NA,NA,NA,NA,NA,NA,NA,NA
"39",193.38956901162,155.397152732121,141.481788132784,146.294826776274,112.661334686085,148.272799596723,125.886935012137,192.927831512848,177.769322905416,154.936461850495,159.561259440536,127.080613003125,162.93287008842,141.969568501493,195.139699270804,203.110888766457,150.174559644768,192.904818520689,134.470112563164,176.3621995596,162.737669622771,202.700200936013,203.504142741616,169.625467151899,203.072613388044,143.550876925221,203.280968389813,170.853634662831,199.272926257558,194.957132724735,164.603047133095,201.347053759175,169.58636149909,177.201725594025,157.576814132822,205.045222515668,164.449108543494,154.762147036186,165.976745867456,123.504592549225,149.726406794192,146.539288295836,196.862439330742,123.212078890424,133.009334636709,88.2633979418989,97.3347325701366,97.0511742471465,128.632972519685,167.605059894533,118.044052893401,116.841086261426,79.3136129567302,44.8739795677852,0,NA,NA,NA,NA,NA,NA,NA,NA,NA,NA,NA,NA,NA,NA,NA,NA,NA,NA,NA,NA,NA,NA,NA,NA,NA,NA,NA,NA,NA,NA,NA,NA,NA,NA,NA,NA,NA,NA
"40",150.806105298327,118.725650427782,103.125102327222,128.11739275075,93.5635414090339,138.822726026757,122.149860341713,148.577421287691,138.724054628244,116.474526431748,136.231429683095,106.430175751523,154.448820508607,142.489867826628,151.219242056856,163.691606793843,113.019190331775,169.362106247974,113.55065534157,165.461954751689,166.517975624255,159.713050959369,169.393075909997,132.735779280682,182.819934107307,120.510855196742,190.636541828292,174.203135685756,158.094447483142,163.095707535484,127.826352080665,183.487817081271,155.397152732121,168.192620403661,156.713718322615,162.720091613636,132.027510218515,115.442575309112,151.616262463827,103.755141282252,149.532510955812,151.069924420779,155.248439818247,90.038376780404,90.8223766962195,74.1138889109187,76.4739047992843,104.719003039085,140.058860844289,131.882440207178,98.6777549666084,76.9259476737206,77.7297891544806,0,NA,NA,NA,NA,NA,NA,NA,NA,NA,NA,NA,NA,NA,NA,NA,NA,NA,NA,NA,NA,NA,NA,NA,NA,NA,NA,NA,NA,NA,NA,NA,NA,NA,NA,NA,NA,NA,NA,NA
"41",180.935754482772,168.271534183593,158.884686581181,191.957104917349,166.268830900443,206.757651361443,195.240359914389,192.759096287309,202.331491477476,182.262523211712,212.105391710112,183.722936133462,230.10180146948,215.458433416402,198.59757055727,225.811498973702,181.949990805853,246.013463316035,191.182576315155,242.656420313269,238.294071323648,206.913937429913,234.689090339219,198.551824585547,256.454031196626,196.55042871042,266.638843864224,245.797211625254,202.445648283681,224.330266949201,189.15644413884,256.503425139412,232.970133828888,242.395415066478,229.264777956624,194.258851043524,188.642406008034,168.072401559566,221.19659830454,176.304960430783,219.537168526767,220.879884261786,172.960528092395,132.539063065385,133.713623736514,131.603783025033,148.77821756645,166.450573677293,205.918605698951,117.335306642971,48.5071466925236,89.7603984366157,0,NA,NA,NA,NA,NA,NA,NA,NA,NA,NA,NA,NA,NA,NA,NA,NA,NA,NA,NA,NA,NA,NA,NA,NA,NA,NA,NA,NA,NA,NA,NA,NA,NA,NA,NA,NA,NA,NA,NA,NA
"42",102.261362083878,110.097985669584,98.7367441862451,163.148436033724,138.875308372295,186.774175121991,181.033190768986,106.634091239622,130.563461379898,115.703355046429,168.055869071865,148.383608220383,205.126390492545,203.405751074668,111.954482229386,148.230850764104,117.242070206262,195.443041148182,153.179491215371,211.699367465399,228.289236714086,121.260039828667,165.904424717215,129.601458993524,209.168704993123,153.452285870071,230.258811295572,234.266062956737,120.6436180637,160.57360731297,120.851129064854,212.94991982917,198.262276977367,213.444128926635,213.008699896272,109.476441887056,128.467319560268,96.0724742290944,186.874814916296,141.58389045015,205.120498968899,212.636507974289,90.2258252081964,81.5439963286691,57.7822403965959,115.85473121759,119.997096274243,168.037508482481,207.917433370797,57.5753295995776,66.3772053362448,0,NA,NA,NA,NA,NA,NA,NA,NA,NA,NA,NA,NA,NA,NA,NA,NA,NA,NA,NA,NA,NA,NA,NA,NA,NA,NA,NA,NA,NA,NA,NA,NA,NA,NA,NA,NA,NA,NA,NA,NA,NA
"43",153.551450965141,159.234535100744,152.112869226276,202.818196313842,180.808754730655,224.431262850678,218.295026906822,169.886800749058,193.651954538936,177.027958916805,220.983972505361,196.991434717985,249.282460939894,240.710585885831,177.467901742822,214.35097661429,179.303140750518,253.120545071908,203.820115408784,260.028327625088,265.16900710726,186.210613761676,229.265163684979,193.311138949622,265.078617966916,206.822339901907,281.698459604415,272.280285728695,182.897442998118,220.320538627814,183.122742197686,266.969770195991,248.316287107793,260.591241105683,253.297348014641,167.277795945846,185.10093087894,157.855490079534,235.101023662701,189.637958975122,243.822559412578,248.215646929741,140.289081418512,129.089472855071,120.007546131483,149.360922984394,163.896345813444,195.577707262996,237.166808839791,72.7262369386042,0,NA,NA,NA,NA,NA,NA,NA,NA,NA,NA,NA,NA,NA,NA,NA,NA,NA,NA,NA,NA,NA,NA,NA,NA,NA,NA,NA,NA,NA,NA,NA,NA,NA,NA,NA,NA,NA,NA,NA,NA,NA,NA
"44",105.758227307619,141.338074121944,136.73548929594,208.149221298688,190.967877513471,236.364211221792,236.191624302175,122.940315867091,166.321184830736,157.113432075364,217.402122000913,201.917543832873,258.852777179423,259.722031624678,131.882551144001,179.99262561769,162.368536284743,243.535315933336,206.77736948588,265.519000714167,285.062979667652,140.844353393205,203.492315118409,170.805793646615,257.595582896912,205.984941993948,282.515844161438,291.137719072521,141.299216112475,198.888240229281,161.477132710022,262.360424033904,251.499338283921,267.639390939096,269.512893464302,116.408064182642,169.051987960805,134.245224082647,238.633945717075,195.830208153645,261.452039695142,269.85338825277,84.6347573813501,125.47916759068,99.361256366604,169.612540280782,176.000824507302,224.580424001069,265.491530339482,0,NA,NA,NA,NA,NA,NA,NA,NA,NA,NA,NA,NA,NA,NA,NA,NA,NA,NA,NA,NA,NA,NA,NA,NA,NA,NA,NA,NA,NA,NA,NA,NA,NA,NA,NA,NA,NA,NA,NA,NA,NA,NA,NA
"45",251.659510335393,198.086091067748,181.340718000674,147.484075124232,112.316821910166,120.66162957005,70.8383115517303,231.021846048161,185.092789442215,167.556365076054,122.709131817889,98.4561901685211,86.6447298830114,50.2678480168984,224.689841991689,199.722425362677,153.704466816192,132.298883150048,95.8642985813801,86.7262947626036,46.901287029249,227.274762269703,181.345309548524,165.985196168966,132.627321416064,103.672566801686,108.239822695947,47.8749783785852,224.58130130534,177.372739355573,169.05634785553,126.380636927696,91.0778220712924,82.2982347821021,47.1075628800727,248.434818877608,167.985968159546,181.164153730808,103.432419654091,96.1003286284704,49.133166809702,27.8113947061272,258.825251231405,170.269266713785,187.142863461982,114.595609804652,98.8571198611916,56.4794433710177,0,NA,NA,NA,NA,NA,NA,NA,NA,NA,NA,NA,NA,NA,NA,NA,NA,NA,NA,NA,NA,NA,NA,NA,NA,NA,NA,NA,NA,NA,NA,NA,NA,NA,NA,NA,NA,NA,NA,NA,NA,NA,NA,NA,NA
"46",228.345563211222,186.076332341058,166.468785087475,158.279880370975,114.050864527631,143.444837012351,95.8141249764355,206.230653685382,172.162754748232,152.7699190024,131.054158283894,99.102179837277,118.011360709467,89.3782711806958,196.777479304035,181.142474939618,134.494071059843,138.846675755129,93.8868584094707,112.453626692295,96.1489123885445,196.887455177444,160.752701814775,142.792087950453,130.006497724152,92.6205880609166,124.482634653393,92.3221187487051,188.985931273997,148.606312172465,138.232959854913,123.628946837907,109.241550594314,93.4412036269332,74.1502731181754,209.453002975011,130.061339505635,143.72926100311,85.6652603392997,67.6742520165535,58.6612688087293,63.4399514383484,216.671076631146,122.203058592042,146.664297994604,62.3551391025632,61.9329908065968,0,NA,NA,NA,NA,NA,NA,NA,NA,NA,NA,NA,NA,NA,NA,NA,NA,NA,NA,NA,NA,NA,NA,NA,NA,NA,NA,NA,NA,NA,NA,NA,NA,NA,NA,NA,NA,NA,NA,NA,NA,NA,NA,NA,NA,NA
"47",170.17984349652,135.452608438339,114.06875127856,129.84094196747,84.3057188763016,128.538139642481,93.9283249411486,144.778614148465,115.334024956862,96.1017597042323,96.7451348660489,66.0151661381686,112.178928646382,101.658218253617,134.975775626592,123.827291081167,76.1677103239949,107.886380505141,59.9220104573436,106.692249880204,119.20743807435,136.116396471917,111.2754378221,85.3190369671388,108.783529007153,53.7929737744624,119.958597076241,119.266392363901,130.720722899049,102.605957513441,80.691364500794,108.105222221223,95.6871997709202,96.979607825563,95.3310090749594,151.072016295209,80.0686722023664,84.8313869876592,75.3814375907623,27.7309774124534,85.4707279102033,96.481092472826,160.16239011469,74.2209817841289,89.1578828904097,38.8383249735361,0,NA,NA,NA,NA,NA,NA,NA,NA,NA,NA,NA,NA,NA,NA,NA,NA,NA,NA,NA,NA,NA,NA,NA,NA,NA,NA,NA,NA,NA,NA,NA,NA,NA,NA,NA,NA,NA,NA,NA,NA,NA,NA,NA,NA,NA,NA
"48",186.732592953801,160.667209554408,139.578237302597,162.38834671475,117.024148142595,161.922365647862,125.531602433411,163.547473997613,145.886620997266,126.744763507216,135.468293399231,104.042031230172,147.522051139821,130.957615388529,151.868398663942,149.645726150966,106.763755566906,143.857496840624,98.5741148349809,140.929862861815,145.338426118147,150.305749957379,133.830853435409,110.834848710818,135.154315685812,90.0003814616916,148.858108157567,142.741130678056,138.629806616398,116.578743540579,98.3407061940782,132.230119069938,131.283160956575,122.387321062069,118.789866291279,153.844230458116,86.2275100330515,93.3149287011462,92.4671280104449,57.8758664600367,103.120250170614,116.037116070678,157.617160523529,61.2204975049207,91.0680689937477,0,NA,NA,NA,NA,NA,NA,NA,NA,NA,NA,NA,NA,NA,NA,NA,NA,NA,NA,NA,NA,NA,NA,NA,NA,NA,NA,NA,NA,NA,NA,NA,NA,NA,NA,NA,NA,NA,NA,NA,NA,NA,NA,NA,NA,NA,NA,NA
"49",107.946936610077,112.759261350232,94.6723036201718,159.235741799698,127.945459078273,177.821219940844,164.465782183559,83.8198963984685,98.7202621109264,86.4899593262131,139.514293953165,122.451692990542,180.092043522889,181.462690706657,73.9272487415838,100.774322354457,76.596796261332,152.765781724835,120.902072485338,177.300056840092,203.007706934367,75.9843692544723,110.609647253302,78.3922010310975,159.329621899853,112.908131622572,186.942178310567,204.835003475968,69.9772549958199,103.221836130976,65.0355691410477,163.648379290783,162.78030009648,172.807631927817,180.578867108668,72.3814344497261,72.3055411517679,38.416264143589,141.171088432618,102.339798442493,171.757074325921,184.610343911846,72.5155574670015,42.2102725470945,0,NA,NA,NA,NA,NA,NA,NA,NA,NA,NA,NA,NA,NA,NA,NA,NA,NA,NA,NA,NA,NA,NA,NA,NA,NA,NA,NA,NA,NA,NA,NA,NA,NA,NA,NA,NA,NA,NA,NA,NA,NA,NA,NA,NA,NA,NA,NA,NA
"50",149.97101745504,146.911895885765,126.785428146337,177.956254967337,138.8667840603,188.948886439561,164.310628680101,123.469628090272,127.58879832787,113.300000958738,150.725797676609,127.480223216191,181.396850257247,175.443398731614,108.210378970781,122.498151584014,94.9427840385987,156.4761077593,122.199727562094,173.61171949641,192.955736665822,103.753624618613,115.232223091026,91.0544693466499,150.293298690427,109.462889773201,177.5533669478,191.033028323638,87.9119480574171,96.8334120551889,71.1198611500332,151.351241070234,160.462931560532,158.434083634173,165.270016833817,95.9248925488061,59.2589111716542,49.7146223786322,120.751030216102,87.5029109530077,151.835629667414,167.613971227789,97.774957618247,0,NA,NA,NA,NA,NA,NA,NA,NA,NA,NA,NA,NA,NA,NA,NA,NA,NA,NA,NA,NA,NA,NA,NA,NA,NA,NA,NA,NA,NA,NA,NA,NA,NA,NA,NA,NA,NA,NA,NA,NA,NA,NA,NA,NA,NA,NA,NA,NA,NA
"51",109.270189815201,151.362118905293,140.585734518122,217.177709503646,193.847632172797,241.396773270688,234.136542595341,89.9427547193213,137.511440064091,135.689355376536,199.400389985827,189.276092567181,246.21610270553,251.67466156578,79.4884411361174,126.917398975672,131.658742281893,206.785238914072,187.175054768257,241.402794957411,272.838322180005,75.9909369908675,144.21818243637,124.353722088444,210.969074655505,176.827357462724,245.644703031126,273.667752347166,68.414765445772,137.72570065714,110.830055401276,216.755461431194,226.244434214966,235.713251108736,248.648278448695,35.8556025015617,115.785315837113,85.1116812311918,200.215831568086,169.531912947091,239.385279373545,254.467516592,0,NA,NA,NA,NA,NA,NA,NA,NA,NA,NA,NA,NA,NA,NA,NA,NA,NA,NA,NA,NA,NA,NA,NA,NA,NA,NA,NA,NA,NA,NA,NA,NA,NA,NA,NA,NA,NA,NA,NA,NA,NA,NA,NA,NA,NA,NA,NA,NA,NA,NA
"52",250.492242171789,199.333981162269,181.750201285996,151.662482119837,116.107383389257,125.293320376627,75.3740575761979,224.920621858023,176.623124601509,161.358926516323,113.909747306804,93.7389364751916,79.1949949270786,49.7410624057227,215.996426527732,185.870409587567,144.9536526368,112.750126511016,86.5893418816658,67.8044424595468,39.2320794185065,216.826434023276,163.415724883654,153.346702555842,107.895312407444,89.7989551122395,81.7795336698003,29.002648952294,213.835546912809,160.162010509671,157.224114450519,100.977581978625,73.0076845869666,55.675809116258,20.2378449074994,240.476720790704,155.87362621207,173.019794421043,82.6437729686877,85.9919966770164,26.4475324794205,0,NA,NA,NA,NA,NA,NA,NA,NA,NA,NA,NA,NA,NA,NA,NA,NA,NA,NA,NA,NA,NA,NA,NA,NA,NA,NA,NA,NA,NA,NA,NA,NA,NA,NA,NA,NA,NA,NA,NA,NA,NA,NA,NA,NA,NA,NA,NA,NA,NA,NA,NA
"53",244.849621689518,199.337186162668,180.212414985067,161.276100190016,122.290308817788,139.265828494466,89.9479707233576,215.234606109821,169.637409831234,155.302915684961,115.048655516916,94.4641330625016,91.2327316879748,68.6486617240278,203.100150808659,172.372040496712,135.174376763868,104.818723189133,83.007059321783,70.6888976678799,61.603287174874,201.514353012385,145.041978097722,138.705135141061,89.4799723555501,78.2499151021904,71.613325781589,46.869527200517,196.108699553972,138.60829174061,140.142780197554,81.1172034558638,72.341509049093,40.5159773484486,23.0120934999404,223.789987456991,135.385676728559,156.668735683767,57.9058961181847,70.3237527955527,0,NA,NA,NA,NA,NA,NA,NA,NA,NA,NA,NA,NA,NA,NA,NA,NA,NA,NA,NA,NA,NA,NA,NA,NA,NA,NA,NA,NA,NA,NA,NA,NA,NA,NA,NA,NA,NA,NA,NA,NA,NA,NA,NA,NA,NA,NA,NA,NA,NA,NA,NA,NA
"54",180.734784436339,146.183807097435,124.823346524198,136.190190778374,92.4636962191108,131.247085527641,94.1975798574464,149.196971971619,113.252393001208,97.5591742584981,88.8063411502805,63.5511468621928,102.797018709202,95.7806646993536,135.959258975805,114.429865604439,73.561206489902,86.7485751424771,50.3898066477735,88.7383476139262,109.158497848312,134.619977630551,93.962136889015,76.2487907920513,81.3310337540351,34.222434582449,94.7520880152517,105.719804763583,129.134885335064,86.2493161277236,74.024356668937,80.3839804889631,77.4358084754721,73.270321954049,79.7044750719808,154.745734681929,72.9613065672484,87.2127065369491,49.7645289036277,0,NA,NA,NA,NA,NA,NA,NA,NA,NA,NA,NA,NA,NA,NA,NA,NA,NA,NA,NA,NA,NA,NA,NA,NA,NA,NA,NA,NA,NA,NA,NA,NA,NA,NA,NA,NA,NA,NA,NA,NA,NA,NA,NA,NA,NA,NA,NA,NA,NA,NA,NA,NA,NA
"55",221.214322470879,189.41583662276,168.604214373485,173.40513929884,133.055857666996,161.852431218997,120.510938831294,183.111048720442,144.358673388543,134.221080672896,113.846811200402,98.2195321079265,116.312558270808,109.258489826878,164.592734257166,132.041297343861,107.982829437138,86.5541861336007,80.7215620450942,87.0701934203089,109.84677239455,158.070657882005,95.5721051706511,99.148777855554,51.5487277680061,58.879599393593,67.9406956709305,96.7153012777709,149.198279465616,83.9904583062862,96.4892403807285,43.6881684927395,80.2919686846076,47.315310125265,70.2917756817965,179.673515717398,87.1258093620943,116.380351763088,0,NA,NA,NA,NA,NA,NA,NA,NA,NA,NA,NA,NA,NA,NA,NA,NA,NA,NA,NA,NA,NA,NA,NA,NA,NA,NA,NA,NA,NA,NA,NA,NA,NA,NA,NA,NA,NA,NA,NA,NA,NA,NA,NA,NA,NA,NA,NA,NA,NA,NA,NA,NA,NA,NA
"56",124.520876126254,126.209085966502,106.727343094448,164.50970203684,131.622186841733,178.832374480965,161.580689132396,85.6555514225435,88.6707639388542,81.1909508412113,128.166495674572,115.478691976052,169.553413738857,173.877686404121,64.2767397839218,74.2023667058538,61.9496193874506,128.092170489652,108.76478504323,159.506625606117,192.110183181423,57.7607085201523,74.1262718963391,49.2141345778832,128.393014050609,93.9307202104295,161.363131595324,190.892344274856,46.8462414821082,65.374411221058,29.7421947618194,133.438878342296,144.675973099371,150.655737253017,165.360471130497,67.5903511808453,39.0528649589246,0,NA,NA,NA,NA,NA,NA,NA,NA,NA,NA,NA,NA,NA,NA,NA,NA,NA,NA,NA,NA,NA,NA,NA,NA,NA,NA,NA,NA,NA,NA,NA,NA,NA,NA,NA,NA,NA,NA,NA,NA,NA,NA,NA,NA,NA,NA,NA,NA,NA,NA,NA,NA,NA,NA,NA
"57",162.138611346126,156.800820818961,136.070002327846,180.662921819199,143.143422672856,187.516780997062,161.315982900021,120.206399553019,110.504425795983,103.566346821735,132.296796712921,118.369928797393,165.331676189108,166.505496780887,95.5327236775441,86.1903659015902,77.2491303009296,118.353049209769,106.361572938726,147.350070326587,179.453691376076,83.6365053385781,61.5673459615566,55.62450202249,103.047257408919,84.3381303844827,139.37856098859,173.690196543299,66.6146393707869,37.7670237707447,32.8244435177506,105.821611210801,133.7933678261,127.680262120854,146.771288154393,94.3047266379051,0,NA,NA,NA,NA,NA,NA,NA,NA,NA,NA,NA,NA,NA,NA,NA,NA,NA,NA,NA,NA,NA,NA,NA,NA,NA,NA,NA,NA,NA,NA,NA,NA,NA,NA,NA,NA,NA,NA,NA,NA,NA,NA,NA,NA,NA,NA,NA,NA,NA,NA,NA,NA,NA,NA,NA,NA
"58",113.81317619898,149.886520692322,137.339740260239,210.60912045422,186.606336035918,232.465430854246,223.741796820017,78.9326993409576,119.650133080787,121.473170491471,182.580464768962,176.113200073845,230.542465138746,238.811917871575,57.8710126272212,98.4009151329397,113.972431857445,182.326312442829,171.507595476848,221.760506259568,258.148986460823,46.2202395277221,113.388421690665,100.074638727802,184.342367801735,158.258814024686,221.668626721284,257.487065379991,35.4264939099257,108.889051856695,87.2385896120518,190.962221686647,206.519079722674,214.964270995205,232.174609701944,0,NA,NA,NA,NA,NA,NA,NA,NA,NA,NA,NA,NA,NA,NA,NA,NA,NA,NA,NA,NA,NA,NA,NA,NA,NA,NA,NA,NA,NA,NA,NA,NA,NA,NA,NA,NA,NA,NA,NA,NA,NA,NA,NA,NA,NA,NA,NA,NA,NA,NA,NA,NA,NA,NA,NA,NA,NA
"59",244.629168752931,195.043380770792,177.289134654383,149.78927692345,115.105706350728,124.62093413829,77.0893215659601,216.163862480527,166.062723374332,152.707469095326,103.683915637865,87.6610633405733,72.2007632231128,51.7584612865375,206.034036763953,172.299469465956,135.330566123289,95.2765621821547,77.7251963490605,52.2042923019746,41.4010542800543,206.124336297901,148.337699527969,141.532785326404,89.0838111303058,78.2253429858253,61.592266306331,27.4889172076675,203.779844892717,146.951134857816,146.829595648323,82.5170977237445,57.4528355370734,36.4161160099481,0,NA,NA,NA,NA,NA,NA,NA,NA,NA,NA,NA,NA,NA,NA,NA,NA,NA,NA,NA,NA,NA,NA,NA,NA,NA,NA,NA,NA,NA,NA,NA,NA,NA,NA,NA,NA,NA,NA,NA,NA,NA,NA,NA,NA,NA,NA,NA,NA,NA,NA,NA,NA,NA,NA,NA,NA,NA,NA
"60",237.749476665039,194.682643758374,176.181707107321,159.653925842743,125.452186494497,139.508714848751,97.8319223017211,203.178999467834,153.391915421739,143.821277254967,100.096751037434,90.8345113723303,83.5643715242926,78.1162606535925,189.36008117869,150.330400682962,123.182621720761,73.1520913815866,75.504363213327,49.5242431996694,71.299992729663,186.728151288176,120.649783885012,122.323359130626,53.9151837449341,65.9201880496408,32.0341916785799,56.8579899266585,183.742392387413,120.202415430182,128.015414825715,46.6109170205865,50.3898066477735,0,NA,NA,NA,NA,NA,NA,NA,NA,NA,NA,NA,NA,NA,NA,NA,NA,NA,NA,NA,NA,NA,NA,NA,NA,NA,NA,NA,NA,NA,NA,NA,NA,NA,NA,NA,NA,NA,NA,NA,NA,NA,NA,NA,NA,NA,NA,NA,NA,NA,NA,NA,NA,NA,NA,NA,NA,NA,NA,NA
"61",206.320690674736,156.347491443739,140.693224514367,114.501565067906,88.3840336783177,95.5719418801878,66.0961229744226,176.776893814633,120.089208993773,111.307686941424,53.6711518811549,55.5157020693245,41.8738962153034,57.8628320988525,169.380436503157,130.033503953789,98.7186121053168,44.1001249488026,45.2743649237623,15.4283640253917,66.1945471942365,172.284269202095,116.125695315464,107.839919069888,69.7435255866091,51.9000993207142,49.410354506925,68.5877287967753,176.963674490699,127.139299735566,121.755501317189,72.3406461368711,0,NA,NA,NA,NA,NA,NA,NA,NA,NA,NA,NA,NA,NA,NA,NA,NA,NA,NA,NA,NA,NA,NA,NA,NA,NA,NA,NA,NA,NA,NA,NA,NA,NA,NA,NA,NA,NA,NA,NA,NA,NA,NA,NA,NA,NA,NA,NA,NA,NA,NA,NA,NA,NA,NA,NA,NA,NA,NA,NA,NA
"62",228.585043821769,196.689328704559,177.838098756284,177.956141693677,145.247930609183,165.515471422614,131.365994135659,186.956548554069,141.934239259771,137.860049348062,109.655393413867,107.534860555775,113.742380548105,118.450615405746,168.133081544055,124.464854792427,114.066736130653,64.2667490503449,89.4117456503898,77.7265098019974,115.97875732327,161.366897334924,86.3786670278026,102.07159799621,13.1504120562817,69.2376138995272,42.0443579330212,102.942214569631,157.022467507838,86.6301431070618,106.92246392363,0,NA,NA,NA,NA,NA,NA,NA,NA,NA,NA,NA,NA,NA,NA,NA,NA,NA,NA,NA,NA,NA,NA,NA,NA,NA,NA,NA,NA,NA,NA,NA,NA,NA,NA,NA,NA,NA,NA,NA,NA,NA,NA,NA,NA,NA,NA,NA,NA,NA,NA,NA,NA,NA,NA,NA,NA,NA,NA,NA,NA,NA
"63",136.292903243346,128.951891427579,109.103713068117,156.68479928187,124.119250715793,167.255576913746,148.669419788503,92.6699436103745,78.0171781132207,73.1983485213294,109.513463305888,101.173836120066,150.56956261891,158.052369518777,69.938332643837,56.2924614535552,48.2137772944622,100.970115046483,91.3610482604595,136.61081373925,174.309429536242,62.6550411898356,46.5698842117951,24.5528852479704,100.665606223029,73.2278043812594,135.191010287297,172.040859656943,57.1109889097536,43.5098527721021,0,NA,NA,NA,NA,NA,NA,NA,NA,NA,NA,NA,NA,NA,NA,NA,NA,NA,NA,NA,NA,NA,NA,NA,NA,NA,NA,NA,NA,NA,NA,NA,NA,NA,NA,NA,NA,NA,NA,NA,NA,NA,NA,NA,NA,NA,NA,NA,NA,NA,NA,NA,NA,NA,NA,NA,NA,NA,NA,NA,NA,NA,NA
"64",175.783504159947,169.577373592411,150.128031334924,188.756871936494,155.125606875525,193.362499925658,168.72919342396,128.376254433988,110.629974213592,109.998564697454,130.409802277283,125.016823355899,163.750524890762,170.505614138509,101.399918753666,74.2766677109979,83.7703720968816,102.360077868523,110.39304897275,140.132880598202,180.23707022003,87.0378654279274,33.1855730288027,54.3648099072369,81.5316233832002,85.8533953041462,123.82758777732,172.69599524381,74.7877483716417,0,NA,NA,NA,NA,NA,NA,NA,NA,NA,NA,NA,NA,NA,NA,NA,NA,NA,NA,NA,NA,NA,NA,NA,NA,NA,NA,NA,NA,NA,NA,NA,NA,NA,NA,NA,NA,NA,NA,NA,NA,NA,NA,NA,NA,NA,NA,NA,NA,NA,NA,NA,NA,NA,NA,NA,NA,NA,NA,NA,NA,NA,NA,NA
"65",123.466568229015,145.280574209011,130.013124772078,195.560557370984,169.263737037796,213.443027626812,201.561468717362,78.3392455382358,100.806289602881,103.546849983474,157.694865837477,152.935679730075,204.363182399619,213.782450973531,48.9127025449422,70.2824179489437,90.4467602031714,150.63584288857,145.809512853243,192.022749744008,231.157189161402,28.9352422618163,78.2533013185386,70.036821196068,150.052106049865,129.887310739926,188.614902129312,229.139116509491,0,NA,NA,NA,NA,NA,NA,NA,NA,NA,NA,NA,NA,NA,NA,NA,NA,NA,NA,NA,NA,NA,NA,NA,NA,NA,NA,NA,NA,NA,NA,NA,NA,NA,NA,NA,NA,NA,NA,NA,NA,NA,NA,NA,NA,NA,NA,NA,NA,NA,NA,NA,NA,NA,NA,NA,NA,NA,NA,NA,NA,NA,NA,NA,NA
"66",262.798232006039,208.89648092596,192.802441054957,154.226888117799,125.207843399485,123.914302863915,79.2581227209552,236.676077826319,183.798652634479,170.847489944248,114.574428518103,102.382334869107,70.7843852643364,48.2893386214804,228.486127317393,193.45738649377,156.35534968622,109.72729113124,95.7171398091794,57.8679338278118,23.4586002299796,229.849695579524,171.724387797715,164.835412325447,109.055087119996,101.048588448825,72.9841451104279,0,NA,NA,NA,NA,NA,NA,NA,NA,NA,NA,NA,NA,NA,NA,NA,NA,NA,NA,NA,NA,NA,NA,NA,NA,NA,NA,NA,NA,NA,NA,NA,NA,NA,NA,NA,NA,NA,NA,NA,NA,NA,NA,NA,NA,NA,NA,NA,NA,NA,NA,NA,NA,NA,NA,NA,NA,NA,NA,NA,NA,NA,NA,NA,NA,NA
"67",241.608294818286,199.203253149265,182.309615539746,163.639152660664,136.139007287588,143.903486007984,110.554322897162,204.987089989223,151.741801212619,146.536927592501,98.7347717511415,100.677962498006,85.2890910653291,92.2049252805944,191.239313501435,145.971510958474,128.029590831573,59.4529314542185,85.7102341745138,46.8804028566308,84.6559636839012,188.626094108159,117.394727511503,125.279364168645,44.7464551473075,77.0854919715766,0,NA,NA,NA,NA,NA,NA,NA,NA,NA,NA,NA,NA,NA,NA,NA,NA,NA,NA,NA,NA,NA,NA,NA,NA,NA,NA,NA,NA,NA,NA,NA,NA,NA,NA,NA,NA,NA,NA,NA,NA,NA,NA,NA,NA,NA,NA,NA,NA,NA,NA,NA,NA,NA,NA,NA,NA,NA,NA,NA,NA,NA,NA,NA,NA,NA,NA
"68",172.197869242044,133.023254637112,113.247923076982,117.853358579635,80.2455990896074,112.865053923923,83.1092962715363,139.090766232881,92.3050020055793,79.9377902918888,59.0692570230065,44.2594869406549,81.1232273904953,86.4836024428909,127.922828386883,96.5255202083884,58.3133094541889,54.1581220363114,26.6619664081628,66.0978986995805,101.56048174487,128.896378341286,81.0802324305993,64.3322397519315,65.5871946819652,0,NA,NA,NA,NA,NA,NA,NA,NA,NA,NA,NA,NA,NA,NA,NA,NA,NA,NA,NA,NA,NA,NA,NA,NA,NA,NA,NA,NA,NA,NA,NA,NA,NA,NA,NA,NA,NA,NA,NA,NA,NA,NA,NA,NA,NA,NA,NA,NA,NA,NA,NA,NA,NA,NA,NA,NA,NA,NA,NA,NA,NA,NA,NA,NA,NA,NA,NA
"69",219.536223674477,188.476546276984,170.138545394628,171.980841965755,141.147823341347,161.389260270007,130.642734235395,177.417334410987,131.615650693601,129.015571031174,102.401554951573,103.453565997021,111.588413733237,120.170191383928,158.934839504276,113.480016799214,106.030671162876,54.2449375587252,85.5845874997362,76.7016983531004,119.997061051511,152.636386300089,76.9466841537048,93.6097914710315,0,NA,NA,NA,NA,NA,NA,NA,NA,NA,NA,NA,NA,NA,NA,NA,NA,NA,NA,NA,NA,NA,NA,NA,NA,NA,NA,NA,NA,NA,NA,NA,NA,NA,NA,NA,NA,NA,NA,NA,NA,NA,NA,NA,NA,NA,NA,NA,NA,NA,NA,NA,NA,NA,NA,NA,NA,NA,NA,NA,NA,NA,NA,NA,NA,NA,NA,NA,NA
"70",129.90136005639,115.989616857502,97.1658051078156,140.038180772245,111.719492852635,151.080962390203,137.263458725365,86.027200760864,57.7125056530212,55.7484648510612,90.091139116175,88.1186030146302,135.341117275017,147.937546182502,67.4108307692466,39.5038869416669,31.4711326297609,82.7924880016297,79.1883726834313,123.07687996736,165.18412863302,65.409115477126,41.0030009206643,0,NA,NA,NA,NA,NA,NA,NA,NA,NA,NA,NA,NA,NA,NA,NA,NA,NA,NA,NA,NA,NA,NA,NA,NA,NA,NA,NA,NA,NA,NA,NA,NA,NA,NA,NA,NA,NA,NA,NA,NA,NA,NA,NA,NA,NA,NA,NA,NA,NA,NA,NA,NA,NA,NA,NA,NA,NA,NA,NA,NA,NA,NA,NA,NA,NA,NA,NA,NA,NA
"71",162.435092072187,153.628425541141,136.165045555936,172.335855960099,144.92856970677,178.688609461404,161.161022821121,113.87653916962,87.969563527677,92.5188742514196,112.169479883122,115.21461291108,151.32129076323,165.165675182527,89.5741429515237,48.1111007824598,70.2427297198792,82.7924880016297,101.925905150506,129.73296857584,176.555195817767,79.0626091556559,0,NA,NA,NA,NA,NA,NA,NA,NA,NA,NA,NA,NA,NA,NA,NA,NA,NA,NA,NA,NA,NA,NA,NA,NA,NA,NA,NA,NA,NA,NA,NA,NA,NA,NA,NA,NA,NA,NA,NA,NA,NA,NA,NA,NA,NA,NA,NA,NA,NA,NA,NA,NA,NA,NA,NA,NA,NA,NA,NA,NA,NA,NA,NA,NA,NA,NA,NA,NA,NA,NA
"72",101.8596598291,125.34677711154,112.557181977651,179.891968968879,159.462286057707,200.763993951231,195.472170682299,53.2542637377516,79.7217483203298,86.8403201989145,145.776265081974,145.95467814445,196.583786890603,210.290493026908,22.6649818332157,53.3252497884445,80.5746496641469,143.358133375822,141.021974285038,187.593435947263,229.483422984646,0,NA,NA,NA,NA,NA,NA,NA,NA,NA,NA,NA,NA,NA,NA,NA,NA,NA,NA,NA,NA,NA,NA,NA,NA,NA,NA,NA,NA,NA,NA,NA,NA,NA,NA,NA,NA,NA,NA,NA,NA,NA,NA,NA,NA,NA,NA,NA,NA,NA,NA,NA,NA,NA,NA,NA,NA,NA,NA,NA,NA,NA,NA,NA,NA,NA,NA,NA,NA,NA,NA,NA
"73",253.395912185359,195.898193111881,181.287389440082,135.635842350944,110.275268165623,103.291060603036,60.9381391535711,230.981254956977,177.051430616926,163.419530863052,104.190097977207,92.7397874566251,54.844127593572,29.4775698498028,225.81138666872,192.656189110939,152.466751864956,109.939875035175,90.1495149321393,55.514226224005,0,NA,NA,NA,NA,NA,NA,NA,NA,NA,NA,NA,NA,NA,NA,NA,NA,NA,NA,NA,NA,NA,NA,NA,NA,NA,NA,NA,NA,NA,NA,NA,NA,NA,NA,NA,NA,NA,NA,NA,NA,NA,NA,NA,NA,NA,NA,NA,NA,NA,NA,NA,NA,NA,NA,NA,NA,NA,NA,NA,NA,NA,NA,NA,NA,NA,NA,NA,NA,NA,NA,NA,NA
"74",220.554882088336,168.730887164295,153.737063755784,121.037769326355,97.1611070915209,97.8436993743082,67.05976890245,191.850762928506,134.583997017662,125.911679768995,65.075295548695,67.1953354240456,38.4323070443345,52.6695941317189,184.749993668471,144.784495438911,114.041479631317,55.3730019278348,58.7632049861986,0,NA,NA,NA,NA,NA,NA,NA,NA,NA,NA,NA,NA,NA,NA,NA,NA,NA,NA,NA,NA,NA,NA,NA,NA,NA,NA,NA,NA,NA,NA,NA,NA,NA,NA,NA,NA,NA,NA,NA,NA,NA,NA,NA,NA,NA,NA,NA,NA,NA,NA,NA,NA,NA,NA,NA,NA,NA,NA,NA,NA,NA,NA,NA,NA,NA,NA,NA,NA,NA,NA,NA,NA,NA
"75",167.978642399116,119.758474307666,101.612959810745,92.9522710709642,55.9813342686649,86.309698982791,59.5229431479997,141.338718214437,90.2730469824742,75.4531513059594,39.7419115733,18.486673429798,61.0770195613702,69.3732596700631,135.891222638734,107.489856331888,62.3974787411319,58.9160434453129,0,NA,NA,NA,NA,NA,NA,NA,NA,NA,NA,NA,NA,NA,NA,NA,NA,NA,NA,NA,NA,NA,NA,NA,NA,NA,NA,NA,NA,NA,NA,NA,NA,NA,NA,NA,NA,NA,NA,NA,NA,NA,NA,NA,NA,NA,NA,NA,NA,NA,NA,NA,NA,NA,NA,NA,NA,NA,NA,NA,NA,NA,NA,NA,NA,NA,NA,NA,NA,NA,NA,NA,NA,NA,NA
"76",188.328909911622,148.530101532484,133.452263850225,125.952277801952,105.027002645748,118.274621632242,101.84033747612,152.266231092945,95.8082781613885,94.7931863492836,55.1494732001132,71.1867063239338,77.5677516578249,100.818080409716,142.099321432229,95.2933055256244,81.5198029346244,0,NA,NA,NA,NA,NA,NA,NA,NA,NA,NA,NA,NA,NA,NA,NA,NA,NA,NA,NA,NA,NA,NA,NA,NA,NA,NA,NA,NA,NA,NA,NA,NA,NA,NA,NA,NA,NA,NA,NA,NA,NA,NA,NA,NA,NA,NA,NA,NA,NA,NA,NA,NA,NA,NA,NA,NA,NA,NA,NA,NA,NA,NA,NA,NA,NA,NA,NA,NA,NA,NA,NA,NA,NA,NA,NA
"77",115.701236296333,88.6899054726636,69.0137655127584,109.801412900746,82.8170476607927,123.645887140454,115.12922420589,80.9560825803102,40.9192533747868,28.6491223294886,68.9206506952017,65.4956417805796,117.597045355102,131.115301801506,73.5404791798367,55.3289713305787,0,NA,NA,NA,NA,NA,NA,NA,NA,NA,NA,NA,NA,NA,NA,NA,NA,NA,NA,NA,NA,NA,NA,NA,NA,NA,NA,NA,NA,NA,NA,NA,NA,NA,NA,NA,NA,NA,NA,NA,NA,NA,NA,NA,NA,NA,NA,NA,NA,NA,NA,NA,NA,NA,NA,NA,NA,NA,NA,NA,NA,NA,NA,NA,NA,NA,NA,NA,NA,NA,NA,NA,NA,NA,NA,NA,NA
"78",120.212890712685,117.502242988166,103.953273227686,151.635217721676,133.977230538439,167.239601333685,163.138025224808,71.9273460462014,50.1862350874221,63.4508717138701,104.877643619839,114.071692703536,155.764572455517,175.313525560637,53.7929737744624,0,NA,NA,NA,NA,NA,NA,NA,NA,NA,NA,NA,NA,NA,NA,NA,NA,NA,NA,NA,NA,NA,NA,NA,NA,NA,NA,NA,NA,NA,NA,NA,NA,NA,NA,NA,NA,NA,NA,NA,NA,NA,NA,NA,NA,NA,NA,NA,NA,NA,NA,NA,NA,NA,NA,NA,NA,NA,NA,NA,NA,NA,NA,NA,NA,NA,NA,NA,NA,NA,NA,NA,NA,NA,NA,NA,NA,NA
"79",80.5445907960305,104.382221535806,93.3477124585814,163.661828894217,147.111975278187,187.408677554563,186.946781847803,30.8953416027401,65.1127358106692,72.6994445731878,136.65550876657,138.082255124437,189.44010411803,204.575783871161,0,NA,NA,NA,NA,NA,NA,NA,NA,NA,NA,NA,NA,NA,NA,NA,NA,NA,NA,NA,NA,NA,NA,NA,NA,NA,NA,NA,NA,NA,NA,NA,NA,NA,NA,NA,NA,NA,NA,NA,NA,NA,NA,NA,NA,NA,NA,NA,NA,NA,NA,NA,NA,NA,NA,NA,NA,NA,NA,NA,NA,NA,NA,NA,NA,NA,NA,NA,NA,NA,NA,NA,NA,NA,NA,NA,NA,NA,NA
"80",226.621098190349,167.717229774552,153.568065056671,107.737853076345,81.172107723343,77.3062644761083,31.5780308165345,207.250196975178,154.370616443836,139.322546851721,82.2725125467188,67.7527801994132,37.5775790432274,0,NA,NA,NA,NA,NA,NA,NA,NA,NA,NA,NA,NA,NA,NA,NA,NA,NA,NA,NA,NA,NA,NA,NA,NA,NA,NA,NA,NA,NA,NA,NA,NA,NA,NA,NA,NA,NA,NA,NA,NA,NA,NA,NA,NA,NA,NA,NA,NA,NA,NA,NA,NA,NA,NA,NA,NA,NA,NA,NA,NA,NA,NA,NA,NA,NA,NA,NA,NA,NA,NA,NA,NA,NA,NA,NA,NA,NA,NA,NA
"81",210.885158796796,151.370470077555,139.316285625551,90.1396145224174,74.0615970020901,61.4911232008328,39.3665990466538,190.477547846196,132.828924792381,121.790119642359,55.6485957235221,58.1157475732697,0,NA,NA,NA,NA,NA,NA,NA,NA,NA,NA,NA,NA,NA,NA,NA,NA,NA,NA,NA,NA,NA,NA,NA,NA,NA,NA,NA,NA,NA,NA,NA,NA,NA,NA,NA,NA,NA,NA,NA,NA,NA,NA,NA,NA,NA,NA,NA,NA,NA,NA,NA,NA,NA,NA,NA,NA,NA,NA,NA,NA,NA,NA,NA,NA,NA,NA,NA,NA,NA,NA,NA,NA,NA,NA,NA,NA,NA,NA,NA,NA
"82",160.940265747109,107.598077183098,90.7381947280196,75.2752441527093,37.753522915087,70.3478866953372,49.8212445498906,139.503072595194,88.531057033676,71.8712603096676,34.6751246573102,0,NA,NA,NA,NA,NA,NA,NA,NA,NA,NA,NA,NA,NA,NA,NA,NA,NA,NA,NA,NA,NA,NA,NA,NA,NA,NA,NA,NA,NA,NA,NA,NA,NA,NA,NA,NA,NA,NA,NA,NA,NA,NA,NA,NA,NA,NA,NA,NA,NA,NA,NA,NA,NA,NA,NA,NA,NA,NA,NA,NA,NA,NA,NA,NA,NA,NA,NA,NA,NA,NA,NA,NA,NA,NA,NA,NA,NA,NA,NA,NA,NA
"83",159.359248381605,105.623370205178,92.743797978625,70.9917847518289,54.8974551459355,68.3558024640191,66.7337582150144,136.342044965961,77.4364676589783,68.6285967909879,0,NA,NA,NA,NA,NA,NA,NA,NA,NA,NA,NA,NA,NA,NA,NA,NA,NA,NA,NA,NA,NA,NA,NA,NA,NA,NA,NA,NA,NA,NA,NA,NA,NA,NA,NA,NA,NA,NA,NA,NA,NA,NA,NA,NA,NA,NA,NA,NA,NA,NA,NA,NA,NA,NA,NA,NA,NA,NA,NA,NA,NA,NA,NA,NA,NA,NA,NA,NA,NA,NA,NA,NA,NA,NA,NA,NA,NA,NA,NA,NA,NA,NA
"84",95.5494799789617,62.3541588468644,45.1802002485602,93.5039659386167,77.4770659066281,114.795885159269,118.351749834973,68.8303433051151,22.919294459036,0,NA,NA,NA,NA,NA,NA,NA,NA,NA,NA,NA,NA,NA,NA,NA,NA,NA,NA,NA,NA,NA,NA,NA,NA,NA,NA,NA,NA,NA,NA,NA,NA,NA,NA,NA,NA,NA,NA,NA,NA,NA,NA,NA,NA,NA,NA,NA,NA,NA,NA,NA,NA,NA,NA,NA,NA,NA,NA,NA,NA,NA,NA,NA,NA,NA,NA,NA,NA,NA,NA,NA,NA,NA,NA,NA,NA,NA,NA,NA,NA,NA,NA,NA
"85",93.4045786043168,70.2358327778635,58.4851380737021,105.994549778515,96.4396582402696,127.922508148488,134.884534471154,61.2533779721576,0,NA,NA,NA,NA,NA,NA,NA,NA,NA,NA,NA,NA,NA,NA,NA,NA,NA,NA,NA,NA,NA,NA,NA,NA,NA,NA,NA,NA,NA,NA,NA,NA,NA,NA,NA,NA,NA,NA,NA,NA,NA,NA,NA,NA,NA,NA,NA,NA,NA,NA,NA,NA,NA,NA,NA,NA,NA,NA,NA,NA,NA,NA,NA,NA,NA,NA,NA,NA,NA,NA,NA,NA,NA,NA,NA,NA,NA,NA,NA,NA,NA,NA,NA,NA
"86",51.0335788207137,81.5206723782379,75.665774928299,150.257500960019,140.94367879937,178.680929161452,185.849615653356,0,NA,NA,NA,NA,NA,NA,NA,NA,NA,NA,NA,NA,NA,NA,NA,NA,NA,NA,NA,NA,NA,NA,NA,NA,NA,NA,NA,NA,NA,NA,NA,NA,NA,NA,NA,NA,NA,NA,NA,NA,NA,NA,NA,NA,NA,NA,NA,NA,NA,NA,NA,NA,NA,NA,NA,NA,NA,NA,NA,NA,NA,NA,NA,NA,NA,NA,NA,NA,NA,NA,NA,NA,NA,NA,NA,NA,NA,NA,NA,NA,NA,NA,NA,NA,NA
"87",200.406777757764,139.065511901765,126.204840511369,78.0142359076214,51.6116850286832,51.0699367974937,0,NA,NA,NA,NA,NA,NA,NA,NA,NA,NA,NA,NA,NA,NA,NA,NA,NA,NA,NA,NA,NA,NA,NA,NA,NA,NA,NA,NA,NA,NA,NA,NA,NA,NA,NA,NA,NA,NA,NA,NA,NA,NA,NA,NA,NA,NA,NA,NA,NA,NA,NA,NA,NA,NA,NA,NA,NA,NA,NA,NA,NA,NA,NA,NA,NA,NA,NA,NA,NA,NA,NA,NA,NA,NA,NA,NA,NA,NA,NA,NA,NA,NA,NA,NA,NA,NA
"88",184.077463433876,116.714087774356,111.504995065244,38.0156596516488,50.8194591913373,0,NA,NA,NA,NA,NA,NA,NA,NA,NA,NA,NA,NA,NA,NA,NA,NA,NA,NA,NA,NA,NA,NA,NA,NA,NA,NA,NA,NA,NA,NA,NA,NA,NA,NA,NA,NA,NA,NA,NA,NA,NA,NA,NA,NA,NA,NA,NA,NA,NA,NA,NA,NA,NA,NA,NA,NA,NA,NA,NA,NA,NA,NA,NA,NA,NA,NA,NA,NA,NA,NA,NA,NA,NA,NA,NA,NA,NA,NA,NA,NA,NA,NA,NA,NA,NA,NA,NA
"89",150.039020492171,88.29395528857,75.5010345690706,46.2378851078853,0,NA,NA,NA,NA,NA,NA,NA,NA,NA,NA,NA,NA,NA,NA,NA,NA,NA,NA,NA,NA,NA,NA,NA,NA,NA,NA,NA,NA,NA,NA,NA,NA,NA,NA,NA,NA,NA,NA,NA,NA,NA,NA,NA,NA,NA,NA,NA,NA,NA,NA,NA,NA,NA,NA,NA,NA,NA,NA,NA,NA,NA,NA,NA,NA,NA,NA,NA,NA,NA,NA,NA,NA,NA,NA,NA,NA,NA,NA,NA,NA,NA,NA,NA,NA,NA,NA,NA,NA
"90",149.560223888238,81.2388979661221,79.9818262122715,0,NA,NA,NA,NA,NA,NA,NA,NA,NA,NA,NA,NA,NA,NA,NA,NA,NA,NA,NA,NA,NA,NA,NA,NA,NA,NA,NA,NA,NA,NA,NA,NA,NA,NA,NA,NA,NA,NA,NA,NA,NA,NA,NA,NA,NA,NA,NA,NA,NA,NA,NA,NA,NA,NA,NA,NA,NA,NA,NA,NA,NA,NA,NA,NA,NA,NA,NA,NA,NA,NA,NA,NA,NA,NA,NA,NA,NA,NA,NA,NA,NA,NA,NA,NA,NA,NA,NA,NA,NA
"91",74.6784425068574,22.0082875867252,0,NA,NA,NA,NA,NA,NA,NA,NA,NA,NA,NA,NA,NA,NA,NA,NA,NA,NA,NA,NA,NA,NA,NA,NA,NA,NA,NA,NA,NA,NA,NA,NA,NA,NA,NA,NA,NA,NA,NA,NA,NA,NA,NA,NA,NA,NA,NA,NA,NA,NA,NA,NA,NA,NA,NA,NA,NA,NA,NA,NA,NA,NA,NA,NA,NA,NA,NA,NA,NA,NA,NA,NA,NA,NA,NA,NA,NA,NA,NA,NA,NA,NA,NA,NA,NA,NA,NA,NA,NA,NA
"92",68.6017728069035,0,NA,NA,NA,NA,NA,NA,NA,NA,NA,NA,NA,NA,NA,NA,NA,NA,NA,NA,NA,NA,NA,NA,NA,NA,NA,NA,NA,NA,NA,NA,NA,NA,NA,NA,NA,NA,NA,NA,NA,NA,NA,NA,NA,NA,NA,NA,NA,NA,NA,NA,NA,NA,NA,NA,NA,NA,NA,NA,NA,NA,NA,NA,NA,NA,NA,NA,NA,NA,NA,NA,NA,NA,NA,NA,NA,NA,NA,NA,NA,NA,NA,NA,NA,NA,NA,NA,NA,NA,NA,NA,NA
"93",NA,NA,NA,NA,NA,NA,NA,NA,NA,NA,NA,NA,NA,NA,NA,NA,NA,NA,NA,NA,NA,NA,NA,NA,NA,NA,NA,NA,NA,NA,NA,NA,NA,NA,NA,NA,NA,NA,NA,NA,NA,NA,NA,NA,NA,NA,NA,NA,NA,NA,NA,NA,NA,NA,NA,NA,NA,NA,NA,NA,NA,NA,NA,NA,NA,NA,NA,NA,NA,NA,NA,NA,NA,NA,NA,NA,NA,NA,NA,NA,NA,NA,NA,NA,NA,NA,NA,NA,NA,NA,NA,NA,NA
