"","participant","spearman","pearson","meanrt","medianrt","meandiff","meancatchrt","mediancatchrt","catchacc","predspear","predpears"
"1","59bd3c6e3a9ab60001119ae5",0.718955799912926,0.754948439064051,0.8395,0.7825,1.16875,1.4684,1.4495,1,0.273512278080049,0.273148963585152
"2","5b2464337297750001c6ce7a",0.48209095887947,0.614679636729131,0.5383303125,0.38335,0.59375,1.397555,1.30755,1,0.233562828026473,0.215609628791141
"3","5b76e19d948cc40001da0e50",0.610951338295554,0.638364680195478,1.8836290625,1.6086,1.03125,1.90257,1.8082,1,0.412127084414958,0.433852814420146
"4","5d4ca0ef259d580001cde9bb",0.819620194989388,0.827141405378218,1.4267025,1.19155,0.86875,2.0044,1.9236,1,0.374383996061323,0.34370568510089
"5","5d8d5938657c76001d72805c",0.629131717969499,0.72678390557943,1.0563490625,0.833,0.775,1.39055789473684,1.366,0.95,0.240189489056056,0.24867257294498
"6","5e3a069ef4b5e1000d04b724",0.718955799912926,0.754948439064051,0.8395,0.7825,1.16875,1.4684,1.4495,1,0.273512278080049,0.273148963585152
"7","5e8ec3e28ee4fe17502d74eb",0.712436529016014,0.752941241822786,1.9296875,1.108,0.40625,2.58295,2.3415,0.95,0.223740277530315,0.224082485474561
"8","5ecb57ce8473f06bc2a5060a",0.594848445652428,0.632594361298158,1.529966875,0.91745,1.50625,5.70105,1.81675,0.95,-0.527015377709402,-0.487349203249086
"9","5ecfd0b927d04d049d65b73d",0.644223131485223,0.920893954497515,1.330956875,0.9664,0.375,1.870965,1.63245,1,0.297889612239316,0.345276606579079
"10","5ed17af75957f60d040e3f34",0.738175122566379,0.789293489734163,0.7594546875,0.6679,1.05,1.483165,1.4191,0.95,0.297946066978383,0.276554125137751
"11","5ee297bb2f43f7410c49f6ef",0.701172704721863,0.739536372167226,1.4784365625,1.2642,0.9,1.656525,1.7096,1,0.343857580774702,0.333850262098348
"12","5eebcc4620cb9a33cd0df72d",0.374549578026687,0.435885368848595,1.323261875,0.8857,1.3,1.87227,1.69475,0.85,0.169741724156558,0.156917335340825
"13","5f4d50ea11a0409f3b8db045",0.579650405946546,0.541726558422703,2.0024003125,1.4851,1.275,1.979185,1.79405,1,0.322171134238625,0.301179408457113
"14","5f545f4aa6b1d47cba7d71ae",0.785502442145381,0.79842430111127,1.732870625,1.11775,0.7875,2.09708947368421,1.9484,0.95,0.386353813419684,0.337620339892932
"15","5f555cfc020a36015dd15a36",0.773653919131423,0.827815639337152,2.5114125,2.134,0.75,2.37165,2.317,1,0.288373402935613,0.272972650715074
"16","5f63b9d3a83a7d0ecdda4eb2",0.698792406598254,0.727102051842328,1.683260625,1.334,0.9375,1.74876,1.7586,1,0.39210591582219,0.362433915780928
"17","5ff3e48f937861584630e5a2",0.799155113388158,0.798370532685602,0.48890875,0.36635,0.41875,1.42395,1.3663,1,-0.142901970641396,-0.216249947314611
"18","605f064127eec9cb4494b4d9",0.351150816669474,0.3631474231364,0.930383125,0.8189,1.4125,1.670725,1.64205,1,0.268904311008291,0.276714667994613
"19","60b9af795939f976cb74232a",0.750055482076908,0.756410806301149,3.0705140625,2.3544,0.9625,2.4358,2.04235,1,0.294908007631625,0.303078981336079
"20","60f36868575f391fc987f84e",0.594436320224221,0.635828641321042,2.2149559375,1.81565,1,1.355145,1.34115,1,0.183123288654819,0.178897438004535
"21","60f3bc4e36762e0c2d9132cb",0.731873330193344,0.811162905737932,1.1838359375,1.00605,0.875,1.662715,1.52465,1,0.198232305152315,0.287413925503159
"22","60f4e713c05794eb144760df",0.85203822988759,0.895114577331722,1.4861846875,1.25,0.625,1.552085,1.4834,1,0.381604105037885,0.325928000661149
"23","60f660d407beb2fa01b360ef",0.659611805970411,0.753468146901556,1.38675,0.95,1.03125,1.99235,1.9585,1,0.420763968811632,0.425600197298956
"24","60f7da3cfc0813737c408ce3",0.73296973207649,0.762051970426259,1.3224359375,0.90145,0.70625,2.343815,2.36755,1,0.319972246392747,0.317068861322766
"25","60f849ba229ad7f52b11f7e6",0.469775663218277,0.488441557911144,0.89749375,0.5734,0.69375,1.96193684210526,1.6708,0.9,0.387002202086185,0.343077223657131
"26","60f8d449cbfb4e157c2d7c09",0.410231264852215,0.462292222582882,1.6604209375,1.08365,2.425,1.84959,1.6423,1,0.331825392059726,0.373846763143906
"27","60f8fb8d2c5a8b523880f6ae",0.579629967425155,0.693961127029994,1.48230625,1.317,0.9,2.32336842105263,2.318,0.95,0.139721279097866,0.170047833170927
"28","60f974cd86441b6d038c484f",0.673504853457495,0.709112154448941,1.7956621875,1.2999,0.9,1.650115,1.62415,1,0.45568968327925,0.438175518612441
"29","60fa1df4616a7c4ed9d42ae7",0.739096342332996,0.820529982701448,1.3377078125,1.15595,0.775,1.94473,1.8858,1,0.233238068376455,0.143917536985816
"30","60fb1eeb25785cbdfbcbdf02",-0.0536260836039253,-0.0608640345208526,1.15174125,0.4481,2.51875,0.791268421052632,0.7855,0.25,0.0444898045059179,0.0529384174073445
"31","60fb2cd6d4e01d29d28c7f36",0.515179497751404,0.630488417066772,2.2030546875,1.867,1.00625,3.698155,2.98495,0.65,0.205825672000228,0.213237081022509
"32","60fb7a9fcbdab69a8f9c9cc2",0.730103388429262,0.742204145915552,2.1354703125,1.7342,0.65625,2.007035,1.85185,1,0.239835025200853,0.269190923385702
"33","60fbd8a8cfb0ae114d24ae48",0.741495776429155,0.779798107277677,1.1519690625,0.97545,0.9375,1.485115,1.37675,1,0.283662471479876,0.22946197323476
"34","60fc4d6e7ecc39361906af7c",0.718955799912926,0.754948439064051,0.8395,0.7825,1.16875,1.4684,1.4495,1,0.273512278080049,0.273148963585152
"35","60fc62bc260a350027a1432c",0.748130742512764,0.833410720825472,1.42652,1.13865,0.7625,1.80243157894737,1.6663,0.947368421052632,0.397779478116339,0.384283905527179
"36","60fc66800ccfce9c74ed4f3d",0.847532179074193,0.858153846003788,0.9525375,0.8825,0.6375,1.54775,1.4155,1,0.337492824085513,0.309989632237975
"37","60fc7e0e424b1ce5aa8dd706",0.702392215993279,0.746773987136182,1.064715625,0.933,1.05625,1.54284210526316,1.433,1,0.164302053125146,0.158859001513099
"38","60fca5d8124a760a80ff917c",0.801421540779575,0.807775403366338,1.487535,1.2152,0.7625,1.65119,1.6145,1,0.310570569436059,0.281037387735489
"39","60fcac2063bbc8bce2700ad5",0.579487664972451,0.628708436283238,0.8944288125,0.7702325,1.0875,1.2025025,1.1836575,1,0.357180364414238,0.33161153009624
"40","60fcb26677a917ac1dd40513",0.786148346877661,0.82262333064987,1.3911046875,1.1334,0.63125,1.57044,1.50715,1,0.40168726889128,0.35901142621144
"41","60fcb5af5bb1bfac226a48e9",0.630932238710405,0.758041128609806,1.6713271875,1.13865,1.05625,2.445595,2.1008,1,0.343359739015499,0.376924933025387
"42","60fcbd2e5fe1b36118174cb6",0.718955799912926,0.754948439064051,0.8395,0.7825,1.16875,1.4684,1.4495,1,0.273512278080049,0.273148963585152
"43","60fcc1523286b54d48b32cf5",0.751243741788102,0.761372466277338,1.1616490625,1.03515,0.9,1.47002631578947,1.3731,0.95,0.313134873947127,0.310323945474483
"44","60fcc18107218f15b159adb1",0.718955799912926,0.754948439064051,0.8395,0.7825,1.16875,1.4684,1.4495,1,0.273512278080049,0.273148963585152
"45","60fcc830a7570c6a06934f60",0.680752803019847,0.676765297682537,1.4495771875,1.1,1.0875,1.401065,1.35645,1,0.288796852856493,0.276569172118945
"46","60fcc96991d7f1dff0cfb17f",0.830941612960439,0.881581756905891,1.334981875,1.167,0.55625,1.60923,1.62045,1,0.357760335422495,0.348625068151009
"47","60fcc9c1ead2e823344601ee",0.558269072439942,0.633772221078395,1.02421125,0.69555,0.78125,1.37376,1.44995,0.95,0.291571918374865,0.278287972062469
"48","60fcca515dbee0243a67c5d4",0.563322104269895,0.652029113634124,1.25049490625,1.0655875,0.79375,1.623659,1.591165,1,0.331384300142294,0.329871450959669
"49","60fcca6898f0e36db0e37f05",0.708341645506868,0.73702951683017,1.11830625,0.9035,0.95625,1.70265,1.678,1,0.406061279902036,0.382272506536973
"50","60fccb788ad29d26b970f1a5",0.671143960365152,0.76398435171255,1.85598375,1.44185,1.04375,1.74188888888889,1.64145,0.9,0.343808872750054,0.297232915564034
"51","60fccd293da770308619aa88",0.699094818991812,0.72014802463523,1.4807821875,1.1496,1.04375,1.658925,1.61715,1,0.439143776970128,0.446723514029312
"52","60fccfabb21344f8a04ecd91",-0.501310199476415,-0.517120777107441,1.1825421875,0.9993,1.95,2.413795,1.82435,1,-0.165538719681977,-0.179990086056069
"53","60fcd1cab3a2ced3c5c9b2e9",0.684017875455464,0.741016173583347,1.337461875,1.1324,1.0625,2.452495,2.44865,0.6,0.255867514004741,0.22347358325227
"54","60fcd314736594904a0ad216",0.759451728336386,0.841617347442667,1.0719421875,0.93475,1.075,3.11752,1.6417,1,0.302421534402269,0.317616368385905
"55","60fcd3ee451b8deffca413ee",0.701409462242684,0.78509612364906,1.2964590625,0.9824,0.95625,15.43084,3.01475,1,0.35984374203557,0.338514924534662
"56","60fcd5771f8903970e9f2c7b",0.750745049052764,0.786390524227662,1.020113125,0.8836,0.99375,1.653595,1.6004,0.95,0.338744655721981,0.298755472166082
"57","60fcd70d608b9cd2da4651f7",0.729721181215661,0.724877012036417,1.3197746875,1.14725,1.06875,1.45847894736842,1.4293,0.95,0.424201924507531,0.398272603371239
"58","60fcd84b3e8a213628c9a160",0.707607972628959,0.772172118200048,1.62859375,1.4079,0.825,1.66131578947368,1.6336,0.95,0.309763226900854,0.231308109274621
"59","60fcd99413d2d738147c7d55",0.76757701194794,0.835013932809085,1.0733375,0.9,0.78125,1.7865,1.5745,1,0.191296845234178,0.240381776600352
"60","60fcdb0781bec43078236d55",0.656899221728376,0.729763573247699,1.037289375,0.90305,0.7,1.38822631578947,1.3659,0.95,0.261437347583234,0.270157408696097
"61","60fcde377ed6a23279394b7a",0.718030188162501,0.753645097845783,1.3689071875,1.13345,0.8625,1.78762,1.4669,0.9,0.382578669643497,0.356539189534928
"62","60fcdebbef41e08776de751f",0.687376862346856,0.734479063336429,1.6909303125,1.1,0.9375,2.68259,2.1664,1,0.391480775213735,0.397224662517281
"63","60fcdf62ae64294443dd010d",0.595599060056992,0.687579302484243,1.1499778125,0.8918,0.9875,1.63677,1.2918,0.9,0.30302703770472,0.32119456961815
"64","60fce0005a801ae67b99036c",0.718955799912926,0.754948439064051,0.8395,0.7825,1.16875,1.4684,1.4495,1,0.273512278080049,0.273148963585152
"65","60fce0303eddb8283807967a",0.769563577682816,0.790203018001262,2.2831253125,1.7917,0.8125,2.419975,2.19215,1,0.448438335832875,0.439685739100692
"66","60fce0e8a964011b8f172445",0.705633681660544,0.744963849792224,1.11333625,0.883,0.7875,1.753025,1.7083,0.95,0.44369077534581,0.414923927046538
"67","60fce1683eddb828380796e3",0.70315385388038,0.735320390477316,1.5897053125,1.16665,0.86875,1.887355,1.4503,1,0.381347868091846,0.3874542701702
"68","60fce1771681bdc5025b872e",0.780482358207887,0.77317690948745,1.1177946875,0.98325,0.85625,1.467145,1.36625,0.95,0.44125465252927,0.415834209674574
"69","60fce1afd66e85b2f0cc4e68",0.749434384834755,0.77989030380017,1.355754375,1.19975,0.9375,1.91305,1.7756,0.95,0.426226145837558,0.400325053881369
"70","60fce9c29b57db229b7387bf",0.803689519120438,0.843576476634941,0.960195625,0.8775,0.6625,1.57167,1.6214,1,0.373225286199835,0.373336627594933
"71","60fceca1cfdf67843110b0dc",-0.194874202087084,-0.256261170073127,1.4866828125,0.98255,3.0375,1.53554,1.52375,1,0.106847251292421,0.116826144319889
"72","60fcf0589b18c268d5a2f38d",0.778400374471651,0.803463003364932,0.989125,0.834,0.8125,1.63195,1.6165,1,0.136364210719299,0.106667896183373
"73","60fcf17f0e7f07f8a04730da",0.797755180541945,0.830788005379514,2.0423453125,0.86645,0.7375,11.12584,1.50905,1,-0.407204654445658,-0.407506055208095
"74","60fcf1c57085de494d9f15c5",0.829114427667505,0.826093238402659,1.26833125,1.09815,0.825,1.48283,1.50755,1,0.278959176369513,0.237803988786216
"75","60fcf3eb42a66bd3c049121b",0.7646119129355,0.787721253463569,1.0486375,0.951,0.91875,1.79545,1.793,1,0.281178457237941,0.235583899586755
"76","60fcf4962b970932cbdd186b",0.5446927650728,0.623546856543586,1.4955925,1.15965,0.8,1.57797,1.4092,1,0.486243424556699,0.454760882097093
"77","60fcf4f6c21c55d0cc9081c8",0.406104509187962,0.526905673546018,1.8178878125,1.54935,1.1125,1.637925,1.6323,1,0.166527713126969,0.140188953341231
"78","60fcf7e8002c2c1b89b03b30",0.303479041231536,0.438916697870926,1.0168103125,0.8686,1.24375,1.46632,1.4361,1,0.120944435797865,0.14439731788925
"79","60fcf838690196411349151e",0.582579986514316,0.635296389145697,2.459875,1.1265,1.08125,1.795,1.687,0.9,0.316067791220845,0.274364948237058
"80","60fcf8392a83ae1b971d1199",0.718225725730758,0.755827496474238,1.05099375,0.8925,0.79375,1.6707,1.5445,0.95,0.129765134900194,0.142462631496097
"81","60fcfaa636cc384f059f960d",0.628054652479892,0.708929681298035,0.9295500625,0.816155,0.9875,1.54937725,1.47508,1,0.441907393426904,0.412429972955591
"82","60fcfc13c59a84fe5ae390d5",0.595107761461455,0.616561360842248,2.0340728125,1.5503,1.20625,3.53137,2.54235,0.9,0.366734374920814,0.342747565469045
"83","60fcfc1aa407beaf778db045",0.792814941745421,0.826197084760029,1.57355875,1.35185,0.75,1.74189,1.69955,1,0.340058977708853,0.306173581788165
"84","60fcfdb47438518d822266bb",0.797351749849331,0.806071684751862,0.85443375,0.70085,0.9125,1.55959,1.45785,1,0.207843450149165,0.240407168372008
"85","60fcfe8185c3d7634a14dea7",0.75850150011802,0.852235227388854,1.19335625,0.9825,0.7625,1.7642,1.5995,1,0.284204069315688,0.317232881715555
"86","60fd025b3771dba1f0c29671",0.806480748311343,0.815477097934522,1.801656875,1.31365,0.6375,2.166675,1.90915,0.95,0.288537666561181,0.259550065919435
"87","60fd03428b4a25226606b9ea",0.440602404685983,0.466960557441115,0.9132028125,0.79925,1.34375,1.363975,1.3249,0.65,0.219402751316989,0.192444406666175
"88","60fd03a3f22f9dd32bff5fa8",0.59296800410822,0.689085076268647,0.7510159375,0.68005,1.25625,1.70444,1.60055,0.95,0.30695876089704,0.330877190485243
"89","60fd054e01eea24cbe66aece",0.597895437470152,0.683102094598462,1.4598871875,1.00915,0.91875,1.379645,1.35075,0.95,0.263030671187592,0.248117661196671
"90","60fd06ca667e8e5dcbe590f4",0.742549215305296,0.817702869492199,0.93605,0.817,0.66875,1.755,1.758,0.85,0.373728926641874,0.350386775667844
"91","60fd0d8d6d2e25846daa2ef3",0.747387297542656,0.757170648726282,2.18953125,1.347,0.84375,2.51226315789474,1.63,0.95,0.387335902398336,0.367456673048327
"92","60fd101eff0f1c63455307fe",0.763323604251862,0.897604284079129,0.915453125,0.635,0.20625,1.66568421052632,1.537,0.95,0.314003264238394,0.224093885725226
"93","60fd51ecc8c5b6dcbb506fac",0.788149664052601,0.869326143187538,1.5651775,1.3082,0.4875,2.36156,2.26695,1,0.292522952398679,0.23703936183645
"94","60fd530163a49887a66afdc0",0.77795290186342,0.83580589989072,1.248570625,1.09995,0.76875,2.09222631578947,1.8505,1,0.342209976478519,0.314561719877168
"95","60fd54dcb1e2c1c546aa86b3",0.771859236711783,0.800330497448788,2.1282890625,1.79815,0.83125,2.706175,2.5715,1,0.40016378314632,0.427649553432895
"96","60fd55ed264098eb4692f1d9",0.927767105958236,0.930680867271778,0.88360625,0.667,0.31875,1.59394444444444,1.567,0.894736842105263,0.522675048087604,0.492413391236441
"97","60fd5aa0c4e4ead0c9a6fff7",0.410549298105388,0.511721679096633,1.5847790625,0.899,1.35,1.88407,1.7665,0.85,0.368000396153336,0.356247720236108
"98","60fd5ff30bc43791db242818",0.793429267383321,0.811787026237605,1.07218625,1.0241,0.825,1.741705,1.62405,1,0.25987228035998,0.24497563334177
"99","60fd62affd3d7f977a27fc6b",0.610948347016952,0.690229865452247,1.4406975,1.283,1.125,2.37394,2.24165,0.5,0.314202847591684,0.279473750263955
"100","60fd6537ec893eee4eb8c3eb",0.787117593146588,0.819544077491214,1.23524375,1.116,0.575,1.7492,1.616,0.95,0.322856205466204,0.289921713236449
"101","60fd674dc072647674dcdc4c",0.580463885287219,0.744247672960953,0.939440625,0.6995,0.78125,2.25705263157895,1.966,0.9,0.30830605348803,0.272333525225081
"102","60fd6b02340bf3233276eba9",0.815276345196252,0.825651348875135,1.2011790625,1.0671,0.73125,1.47742631578947,1.3676,0.95,0.471112556162833,0.43828687567388
"103","60fd700ffac5eba3832e3304",0.631123245003626,0.657469077275022,1.011853125,0.6835,1.01875,1.96545,1.9315,0.85,0.36575275168883,0.374527663253331
"104","60fd73381530a432898654d5",0.726293693909917,0.753350160812505,1.269648125,1.05875,0.9875,1.69322,1.64155,1,0.411134087638105,0.399716531426115
"105","60fd760a74bf79dc673e156e",0.312278460212358,0.344859399004083,5.709775,1.0425,1.71875,2.64,2.285,0.55,0.299808187791441,0.307182535462313
"106","60fd82694f2472bc8efe5f20",0.784717619826941,0.80797035100745,1.2623440625,0.9834,0.8625,1.659725,1.58445,1,0.362759494976427,0.331299906327171
"107","60fd84f001f3672f1d717cc7",0.68629201958339,0.725426452615189,1.545625,1.117,0.74375,1.6539,1.583,1,0.39258915460293,0.402141173032224
"108","60fd8576272fbc9918d4677e",0.783328758128707,0.78730261515314,0.821894375,0.75135,0.9125,1.219345,1.0831,0.2,0.376179191849832,0.344106658816098
"109","60fd868aa842dda04af3f6bf",0.765402827835802,0.826277163687002,1.402480937475,1.1333499995,0.60625,2.06507368415789,1.9831,0.95,0.375299611009609,0.275722076534715
"110","60fd8720d6da91884d85d305",0.785567798609398,0.855601025371612,1.557190625,1.2915,0.6875,1.7806,1.7,1,0.369436921546474,0.344706729563679
"111","60fd874909b4baa52c9c1c4a",0.798749471673914,0.819557382780032,1.301353125,1.049,0.8375,2.1483,2.0905,1,0.315478399530533,0.314125846903651
"112","60fd8a9b878fb74422fa9a78",0.80094887735474,0.905620319205217,1.04891875,0.9495,0.4625,1.82085,1.818,1,0.232822955467416,0.20048765185203
"113","60fd8ca49ee4de5cd43d2878",0.701178313989683,0.715918902248869,1.631048125,1.28485,1.00625,1.94781,1.65285,1,0.402071389311012,0.392047863555985
"114","60fd8ca930ae2235452962a2",0.802326687543304,0.817370047641916,1.1959503125,0.9656,0.68125,1.60535,1.61675,1,0.391361108468887,0.379473463355297
"115","60fd8dadd1d25db7a23b0425",0.687153995184445,0.799092957384055,0.99444875,0.87535,0.73125,1.41835,1.41675,0.9,0.302354413096996,0.262170370503341
"116","60fd8ea378ec4f0fa9a043be",0.80577705134263,0.816211298806342,1.3117625,1.0825,0.69375,1.94725,1.7155,0.95,0.3601358891843,0.307769686281092
"117","60fd90280b7a39fc10749665",0.71909769829386,0.799608750699594,1.71578125,1.467,0.975,1.6717,1.574,1,0.341720854331769,0.353372782195881
"118","60fd90dcfe0ff975d27c61c1",0.670817134801717,0.706967935449199,1.807821875,1.4,0.99375,1.51355,1.358,0.95,0.296968013411632,0.289870427106924
"119","60fd9253ff686bfc8372a42e",0.728124524245238,0.743846186209179,1.7284346875,1.18395,0.9375,2.16466111111111,1.9413,0.9,0.367578718028881,0.3484573641868
"120","60fd92f2e5bceebabcd863de",0.70690853550308,0.724367143264467,2.05234375,1.5425,1.1125,1.60673684210526,1.643,0.95,0.466266587442013,0.427543625794975
"121","60fd9e57a0308edae3e23991",0.87657360843539,0.879970946276717,1.018949375,0.84975,0.3875,2.213775,2.20835,1,0.316788485501442,0.279373630442087
"122","60fda0b5ea8a7ac21b66863d",0.77672370627803,0.82033505375395,1.0791365625,0.9533,0.85625,2.95487,1.61905,1,-0.52940081056239,-0.515602209699765
"123","60fda145558ce7763d95441e",0.0856763508258713,0.118848505568715,0.9671990625,0.71775,2.11875,2.60883,2.1753,0.95,0.0402877495385915,0.0237822166580588
"124","60fda6eee038c8ca51572ade",0.391671304948851,0.463603797201096,0.9446003125,0.69805,1.4625,2.87908947368421,2.0821,0.8,0.304415897356387,0.284897038671356
"125","60fdb05e9fae758192d21a0e",0.828321968480951,0.849064331665065,2.04616875,1.254,0.8375,1.7762,1.6355,1,0.349113549455922,0.345444611777136
"126","60fdb19cd9af60d495e15453",0.847103789006505,0.853670080472817,0.99916625,0.93215,0.7375,1.57403,1.52505,1,0.396616851696018,0.322832749324858
"127","60fdb491fed04550de2a2068",0.72408424860615,0.744125727884951,1.2455571875,0.9941,0.89375,1.79425,1.7815,1,0.329501160921512,0.354478485924331
"128","60fdb4958e221c323ee7e1c5",0.619070733783655,0.736674573797998,1.7017509375,1.45815,0.8,2.16038,2.05885,1,0.400590716173308,0.413070980097535
"129","60fdb937b72fd456da7660c0",0.826579287567514,0.835190053172375,2.20030625,1.8085,0.65625,13.9119,2.0485,1,0.270069690539641,0.24578070664658
"130","60fdca1a87839971dfef0270",0.712705007266221,0.737462137483379,1.2648028125,1.01415,1.1,1.557815,1.47145,1,0.231706518567921,0.231634276629165
"131","60fdca594b75824bdfe2f7fe",0.43219553702213,0.496167736735198,1.1095653125,0.92695,1.56875,2.58281,1.8267,1,0.286741759229313,0.296679496238584
"132","60fdcd21c7b9174239c6f73e",0.865785680760533,0.879751950979733,1.249583328125,1.058135,0.625,1.82804525,1.7158725,1,0.364640355263507,0.359675576096818
"133","60fdcf5f7303ef309710dbf6",0.248395716514874,0.260227278365009,0.6854640625,0.5997,1.90625,1.49733,1.61635,0.75,0.155515973776879,0.151143368574873
"134","60fdd20d5832a81323b3c8f9",0.820155371864906,0.829992335776018,1.6126009375,1.4487,0.80625,1.86855789473684,1.7647,0.95,0.514523671160584,0.482470321875686
"135","60fdd2cafe684291d330f316",0.809774049395961,0.82092833166536,1.235259375,1.113,0.89375,1.6273,1.611,1,0.448033178840294,0.408553959917693
"136","60fdd47cb6da7411e888e23c",-0.134380990961723,0.0747936410244646,0.531954375,0.33335,1.775,0.87238947368421,0.4018,0.35,0.254740201628983,0.167995809976684
"137","60fdd48b2407045088f348b4",0.821204771258785,0.836333779776649,1.272299375,1.2225,0.7375,1.644545,1.58695,1,0.413114075196529,0.385871063530458
"138","60fdd91a1ede7111c86df9f0",0.753017254278691,0.840425449121395,0.909846875,0.7655,0.33125,1.47095,1.4435,1,0.257603776384399,0.214565732237969
"139","60fdda0524e89e50a1cc0ba9",0.718955799912926,0.754948439064051,0.8395,0.7825,1.16875,1.4684,1.4495,1,0.273512278080049,0.273148963585152
"140","60fdda59e83450ae5a0f83e6",0.755730198775951,0.767132147059534,1.1982884375,1.06445,0.9625,1.67361052631579,1.5491,0.95,0.414857860031145,0.399502669713728
"141","60fddb267c21d1162b2c3476",0.668537623334786,0.70684475273224,1.6311878125,1.2082,0.99375,1.71068,1.53465,1,0.298045582961466,0.270625876769719
"142","60fddd15f7f160155121ae9e",0.375769629687841,0.58559814429864,0.77453781251875,0.6863499995,0.88125,1.62884736847368,1.519700001,1,0.236845023626531,0.21191639251574
"143","60fddf4bee48a7eaf1885893",0.79529296682581,0.844346868694848,0.9442078125,0.8006,0.5125,1.76017,1.65035,1,0.310366088625929,0.262922097446353
"144","60fde06510c492831b1f4a93",0.798195390345359,0.816738769706511,1.824521875,1.487,0.73125,2.12135,2.061,1,0.355373435645218,0.320773708557392
"145","60fde33aa9decaaed4ed0234",0.718955799912926,0.754948439064051,0.8395,0.7825,1.16875,1.4684,1.4495,1,0.273512278080049,0.273148963585152
"146","60fde3934048d744f301ccb7",0.801917880885121,0.820379645237854,1.123359859375,0.9990675,0.775,2.009979,2.01614,1,0.399785579858697,0.408225092017542
"147","60fde3c7557aa5fc22be0e18",0.710797125971317,0.751176479120118,1.245423125,0.9527,0.9625,1.538375,1.4174,1,0.359960824015521,0.352729066916007
"148","60fde3fa7d68fa07e124b8cf",0.562198465300658,0.559278350385773,0.876128125,0.7825,1.3625,2.0178,1.999,0.95,0.384164203139579,0.351435520738499
"149","60fde54d65129218d68d8017",0.804698254607708,0.828122936684813,1.8649103125,1.4666,0.7625,3.754255,2.09985,1,0.229950428358144,0.199945597111424
"150","60fde5cdab904cdcf81f2ccd",0.613370233123663,0.740414536987206,1.3590125,1.149,0.96875,1.7377,1.658,1,0.361842650094884,0.357646817494071
"151","60fdee1f5bb38a56c58631bc",NA,NA,0.936145,0.56655,0,1.996035,1.94075,0.95,NA,NA
"152","60fdf3211250e26b5354eb2d",0.801757740775909,0.841926324074077,1.693770625,1.5168,0.6875,2.226635,2.14335,1,0.468940146445921,0.451600701825775
"153","60fdf33fdfb2399145bb4df4",0.808123871227507,0.860203441500686,0.9108375,0.73,0.4375,1.74168421052632,1.669,1,0.20987612441975,0.21960748449796
"154","60fdf872fb6221897dcdba50",0.912496822601172,0.94311665975961,1.327651875,1.06855,0.375,1.771135,1.73295,1,0.299631455939197,0.269224012571298
"155","60fdfb0996257ffd90d67d2a",0.352547695956758,0.39203004634243,1.5262290625,0.95025,1.0625,1.50419,1.30785,1,0.20805453678713,0.128399675683714
"156","60fdff6234e9b78c0d472d5b",0.85956309750909,0.891255721240807,0.963425,0.733,0.34375,1.8541,1.7815,1,0.449599291364183,0.269069646682171
"157","60fe0193128d5101aada7200",0.81769669302168,0.900081226832941,0.990381875,0.8176,0.38125,1.62344210526316,1.6307,0.95,0.354428379416607,0.298343512481436
"158","60fe06da23cd2d64aaaa9260",0.626053754916108,0.715004614326959,1.65769375,0.767,0.8125,1.66055,1.558,1,0.371559704316539,0.400882072268634
"159","60fe06feb5a616377ef806da",0.806721346712948,0.88586813319006,1.3714878125,1.0732,0.64375,1.502575,1.48905,1,0.416023736117131,0.38651039643719
"160","60fe0836d3261a80cb413737",0.502869270786574,0.54043491280474,1.04317,0.8658,1.3625,1.844665,1.74775,0.95,0.367731262640722,0.356731240053509
"161","60fe0d742728a7c4f364d357",0.779413183651752,0.828382622543856,1.765303125,1.4665,0.55625,1.76155,1.725,1,0.40661282010702,0.409933034713968
"162","60fe0df0dff66fde69e4ca76",0.670717077021662,0.737684404646492,1.1542625,0.7245,0.5875,1.6948,1.326,0.95,0.335035486421163,0.280267099173042
"163","60fe0e062bd2a60fb779f608",0.544900831955657,0.569177996152287,1.284486875,1.04995,1.33125,1.73931578947368,1.6663,0.9,0.362855963300063,0.32130861403718
"164","60fe112dce8bff0e598703f1",0.658475620138886,0.747040784276801,0.904046875,0.847,0.8625,1.74915,1.6415,1,0.224341427389955,0.233924888142326
"165","60fe137ad0e87625d04c7ebc",0.622380722670535,0.534592502326236,0.8922796875,0.6678,0.5625,1.79104736842105,1.7509,0.9,0.201837749515074,0.195409267066227
"166","60fe141b6ea6b56a60f5064d",0.708900160156297,0.829874345220801,1.68879840625,1.260095,0.49375,2.4781,2.03525,0.95,0.352979352252588,0.313545940462461
"167","60fe160ed067fe6ac793b5cc",0.788225302106222,0.805440127483273,0.7858059375,0.7339,0.73125,1.50404,1.4674,1,0.397911484995815,0.411227201793667
"168","60fe1a7271f4d1a459e0fd5e",0.649481965164005,0.809703872941512,1.471488125,1.1828,0.3875,2.173545,2.12355,1,0.217951011959713,0.215748923527293
"169","60fe1bea2504195ce9899d35",0.581091142302114,0.642447555347376,7.6211978125,0.934,1.24375,1.83617,1.5943,0.95,0.393610118858832,0.371499983882739
"170","60fe258a910eeef6399a574d",0.784707096798587,0.800522656437953,1.206311359375,1.0001625,0.8125,1.915934,1.8921675,1,0.429893592021156,0.429431478141047
"171","60fe2df6522f22abe083b9ef",0.451154785208956,0.559094563638163,2.2066959375,1.4204,1.18125,1.69303,1.61875,1,0.255319902929294,0.231733068581416
"172","60fe2fed581d95673bd181af",-0.406082226001596,-0.387472200422106,1.7028709375,1.2836499995,3.025,2.2299950002,2.2418,1,0.0457366929273965,0.0440125087281611
"173","60fe310d963e64b57e9d10a8",0.559815274762567,0.585367824703792,0.8656671875,0.65095,1.375,1.53218421052632,1.4824,0.95,0.322151197282068,0.302479458593996
"174","60fe39803b9a5a11674a9e9c",0.774330262281235,0.7852917124356,2.566183125,2.03595,0.79375,2.11417894736842,2.1566,0.95,0.349234470634167,0.358868846479883
"175","60fe39cf3acf29d77fd61715",0.718955799912926,0.754948439064051,0.8395,0.7825,1.16875,1.4684,1.4495,1,0.273512278080049,0.273148963585152
"176","60fe3d2570935a75dea9fb40",0.763765746620982,0.814818785378157,2.0528396875,1.5005,0.78125,2.34098,2.2166,1,0.282505111085697,0.254823077042329
"177","60fe3f65d1ef0e848acb56a9",0.565903951633799,0.64422474082094,1.274375,1.0085,1.15625,1.11055,0.825,0.15,0.256740993791759,0.267463188215908
"178","60fe439797c67fdd7643cabb",0.729729346649004,0.742459526123135,2.766015625,1.8505,0.84375,2.3573,2.0325,1,0.315811669181415,0.296863236344891
"179","60fe43b140d7b3e8893288f8",0.74735657111958,0.79989282672152,1.257485625,1.0995,0.96875,2.133345,2.0831,1,0.184101199711152,0.162078790182287
"180","60fe4482b0994eea74bfd910",0.606050579938966,0.6650513043046,0.9689734375,0.8075,1.1875,1.5442,1.43515,0.9,-0.187539050851691,-0.191263121224124
"181","60fe4775e9193e65f3742ed5",0.727759238221432,0.787144605636101,0.88169875,0.73755,1.14375,1.54018,1.46005,1,0.357512894015582,0.373978597055775
"182","60fe550044e21068e47ec6e7",0.826901574804481,0.846018025015047,1.42323125,1.1164,0.7875,1.77238947368421,1.6668,0.95,0.20540266150846,0.168696342794694
"183","60fe5a238ab86b516164f360",0.619036895693464,0.637160473779485,1.345125,0.9695,1.21875,2.1281,1.5795,1,0.376557007267328,0.398740340255486
"184","60fe5dcd522e58dce4ea67ac",0.7535377216271,0.755001392496436,1.6240296875,1.3145,0.8375,1.850565,1.916,0.95,0.437964394239199,0.418857235532043
"185","60fe5e12ba8c216235600e18",0.784456915985709,0.793434606310904,1.5032625,1.3995,0.86875,2.3178,2.208,1,0.37714813146075,0.33227207547818
"186","60fe60dd936bd51ad5938b9f",0.670583311083292,0.683835608180073,0.9472740625,0.8402,1.1125,3.444275,1.5976,1,0.554893468475311,0.538678437470351
"187","60fead9c1e43855aa01f97d6",0.470101040533644,0.55819504864627,1.5339925,1.2325,1.25,2.71314,2.30315,0.75,-0.312572446404003,-0.353710806540278
"188","60feb1d22d3c61aeab816651",0.797779246750854,0.809180466621617,1.510811875,0.89185,0.8125,1.502215,1.4414,1,0.356777957686629,0.36617539590394
"189","60fed532bbb4ed34d546fbb8",0.772974662404254,0.807926397786242,0.8398425,0.6906,0.48125,1.43231052631579,1.4501,0.95,0.383918990622255,0.382737407809983
"190","60fed8cce19b6feaef94c4c5",0.589030300866124,0.649981152873845,1.23089875,1.0493,0.8625,1.78256,1.6802,1,0.328073910273515,0.345850464068644
"191","60fee7661415e50dba611521",0.811785348409657,0.820713766212382,1.01256953125,0.8744725,0.8375,1.512108,1.4831775,1,0.339543816347543,0.325741225992841
"192","60fee7e8473d54816d17c7b7",0.74260850120298,0.796967215067645,1.3145515625,1.1164,0.8875,1.718285,1.46745,1,0.333741850978892,0.339785021375013
"193","60fee821d38b78e728a456ff",0.510774623076347,0.636123699783189,0.867484375,0.803,1.4625,2.03625,1.639,0.95,0.261449522487718,0.238318767123948
"194","60fee8c259d498feb86e38ad",0.726657034593522,0.668202078930389,1.13590625,0.948,0.81875,1.93105,1.8805,0.9,0.26941990645247,0.202702290222621
"195","60feea86c2cd1da8825671bc",0.810389862948939,0.822171820359686,1.1435865625,1.00165,0.89375,1.80178333333333,1.79815,0.9,0.370049472323496,0.356652156733168
"196","60feedc9ecfddadc0746e98f",0.768485903875236,0.778072929710044,1.813845,1.277,0.56875,1.60204,1.64295,1,0.302771002792624,0.259214501040875
"197","60feedf44e7fa5131ac6597f",0.848793798743531,0.869839606824789,1.548884375,1.327,0.73125,1.73068421052632,1.679,0.95,0.49502417052312,0.453885132804113
"198","60fef35575c913648f573049",0.748408033418816,0.792607178884061,1.061933125,0.91695,0.83125,1.748975,1.70805,1,0.493281559214356,0.510274807941844
"199","60fefae8e9544b4dc1f315dd",0.498681769615255,0.491956644522562,1.1501875,0.945,1.30625,1.94935,1.642,1,0.218036080349024,0.190677536198146
"200","60fefb130de6f7f50ef82c6c",0.799487299562989,0.840800146911372,1.118996875,0.93415,0.56875,1.52632105263158,1.5173,0.95,0.278408222269887,0.262068366725535
"201","60fefbdab9a63c79e252bb96",0.531074852614492,0.650014055400227,1.03204375,0.71555,0.5375,2.042455,2.04745,0.8,0.264896950841666,0.321728591179915
"202","60ff0169feca945d600c4b20",0.718955799912926,0.754948439064051,0.8395,0.7825,1.16875,1.4684,1.4495,1,0.273512278080049,0.273148963585152
"203","60ff0285154e9a89d9116b02",0.522631497002255,0.585773758998146,1.0282021875,0.8509,1.1,1.48314,1.4179,1,0.361205122937789,0.325614885164614
"204","60ff09c4112943453c5a4092",0.767175618883875,0.842573071832655,1.3120815625,1.0992,0.9625,2.000245,1.8728,1,0.391479180574664,0.354679938255178
"205","60ff0b32bdb402e4252bf6b5",0.185247674425324,0.214310938782088,0.79105,0.617,0.95625,1.78336842105263,1.654,0.8,0.248563820563171,0.227324752451079
"206","60ff0cbf221ffeac86a7efaf",0.723454420256301,0.733392585913646,2.068684375,1.265,0.8625,1.60065,1.374,1,0.375258294152485,0.35518134622458
"207","60ff130d929d6acef9620518",0.807408946618252,0.825518835787302,1.211721875,1.0661,0.75625,1.906865,1.77445,1,0.503889014022065,0.463435570201758
"208","60ff13e4113921388277a1a7",0.705726814846766,0.710979567369009,2.2130234375,1.59155,1.05,2.20627777777778,2.14255,1,0.305574572885368,0.271996985298139
"209","60ff14561039e939a18f144d",0.697060233442439,0.762798467470417,1.480186875,1.21765,1,1.926125,1.81515,0.95,0.527510085719234,0.548840671885442
"210","60ff1726b3096f1b1b4efb22",0.727945496774782,0.806855880059663,1.586826875,1.34895,0.86875,2.27442631578947,2.0155,0.95,0.387849786275476,0.378396625019386
"211","60ff1a126119afa26965e909",0.628818998548485,0.649833711374626,1.87726875,1.46785,1.1125,1.52702631578947,1.4496,0.95,0.201357130494277,0.188106612413371
"212","60ff1b4dfb8e5696cbaa46a0",0.718955799912926,0.754948439064051,0.8395,0.7825,1.16875,1.4684,1.4495,1,0.273512278080049,0.273148963585152
"213","60ff1beb456c2f3d0726e807",0.800505161339414,0.856382185601632,1.1295824375,0.8921425,0.30625,1.94299225,1.8666225,1,0.346267274364597,0.261297658894086
"214","60ff1ca8414d34df01312124",0.690612954107287,0.731136447291964,0.6960653125,0.6166,0.9625,1.4924,1.5247,1,0.28381312592817,0.262092347006089
"215","60ff20504c4a7476b051901f",0.714398739305042,0.762663212918803,1.10258021875,0.9827625,0.7875,1.60704625,1.5424,1,0.199808391508512,0.245828555378769
"216","60ff221ab776efc77fa7bcb7",0.801194268732496,0.813546230433866,1.9568384375,1.6144,0.71875,2.32004,2.1426,0.95,0.480148465072987,0.469748584952161
"217","60ff244bc01a67f580d9b5ba",0.738717080824718,0.844890045943519,1.569865625,0.717,0.39375,1.8015,1.558,0.9,0.239941214468127,0.260494773426539
"218","60ff24bf3e0082c513062186",0.758171233309101,0.759983718876978,0.89351375,0.79925,1.10625,1.669035,1.5999,1,-0.287140178356207,-0.262954580095582
"219","60ff265ad0d04a091f893b0b",0.860694485764814,0.877205952111228,1.507315,1.17505,0.5375,2.48852631578947,2.251,0.95,0.310345977852968,0.266985603701803
"220","60ff2b522b3a8ba205a30f1c",0.729975562889831,0.792962943016745,0.9144771875,0.816405,0.7375,1.56975025,1.4162025,1,0.358483173750732,0.309514234754152
"221","60ff2d35b20f6855da62ae75",0.760294455228993,0.781668521499702,1.5463084375,1.27145,0.81875,1.784835,1.73165,0.95,0.270953905502666,0.22871927330724
"222","60ff3497dffa67c464bc2368",0.740530126618118,0.741795694149817,1.00975,0.9,0.8875,1.82505,1.7495,1,0.355073702994321,0.304603032685571
"223","60ff390c957f2ba44d3ff87a",0.714566263486593,0.744301585762355,1.68559875,1.18395,0.925,2.1447,2.09185,1,0.371673203590797,0.415658331317169
"224","60ff39a8dc1a2539c032a5b7",0.678558849769673,0.769711294023704,1.6582459375,1.11705,0.8875,1.83063157894737,1.7836,0.95,0.351733136451665,0.346475687587188
"225","b60ff4103610b39d6982ec65e",0.779922283981076,0.806017614241677,1.0504303125,0.9334,0.925,1.64654,1.7007,1,0.239859405191278,0.242852142784934
"226","60ff4103610b39d6982ec65e",0.487115961322677,0.576680878690633,0.7411765625,0.6507,1.59375,1.54058,1.4667,0.9,0.169725864075379,0.215605384100347
"227","60ff41357ba0444d4858f86e",0.789469641166587,0.885157468068008,1.0463978125,0.90725,0.5625,1.56592631578947,1.5569,0.9,0.251669839166321,0.248373002112892
"228","60ff41a9ef7f2c9d81bd6a63",0.654112914010402,0.779955351865799,1.2376515625,0.91625,0.525,1.73643,1.516,0.95,0.398735708893976,0.277712294825621
"229","60ff41d719643e679302c2ec",0.790241466863646,0.790112715177214,2.1403109375,1.4838,0.76875,1.900935,1.7995,1,0.406659767163354,0.372964729287847
"230","60ff4278d80ae9f23e25eb4b",0.65686234121491,0.736681857239855,0.684836875,0.59975,1.15,1.64007,1.7084,1,0.415507388707016,0.417649534884487
"231","60ff42c367f96f0df9a03e25",0.841144769244904,0.876316366191002,0.530734375,0.417,0.1375,2.0639,1.875,0.9,0.379463621959318,0.379060021829342
"232","60ff433f89a507a83fb365d4",0.825247655031266,0.866186454847147,1.1484675,1.0305,0.775,1.357805,1.3346,0.95,-0.425010770657043,-0.44589096847467
"233","60ff447048f1d7c26cfcdefa",0.778621013339906,0.764282117352321,1.145651875,0.9502,0.80625,1.99324,1.40805,0.95,0.310046563877887,0.312860642088507
"234","60ff488f1b3c9851177efd97",0.59092706054544,0.654522758087578,1.7447090625,1.32175,0.99375,1.68835,1.42195,1,0.209348183750009,0.237776806855288
"235","60ff49d0bb904e48c69d0133",0.744104093014289,0.820229247920498,2.0719090625,1.4416,0.75,1.958575,1.82495,1,0.411372798187657,0.414588195438056
"236","60ff4cd7d1037ecc61ca5b8b",0.712343894581633,0.793800664949239,1.6835,1.1,0.575,1.82165,1.85,0.95,0.400396862390973,0.381202453465418
"237","60ff4de9a6090fa9b9f61bb7",0.563568514748278,0.574158908949143,2.6517503125,1.93385,1.20625,2.536535,2.0465,1,0.310558792876291,0.280573168899703
"238","60ff4e46b9743e061aa26d64",0.647869422440451,0.685956525167775,1.41735,1.152,1.2125,1.6399,1.534,1,0.343022114630521,0.355795295601568
"239","60ff4f91b86e87a141a6686e",0.639437779129171,0.815195558475564,0.93274375,0.751,0.70625,1.85115,1.6005,1,0.244345960753859,0.301298554306281
"240","60ff50ac6339b1e4ce7b1909",0.846111275185391,0.847306639262629,1.6796375,1.491,0.55625,1.9827,1.988,1,0.377844132730101,0.368129894166773
"241","60ff54eca66d8b022b925291",0.760666576380239,0.783595835861325,1.7099878125,1.0339,0.8,1.76613,1.8009,1,0.456220566741402,0.481069873366234
"242","60ff5cdcb618e75bb04533a9",0.728320998325017,0.865697352013586,0.7590090625,0.5708,0.4125,1.777785,1.75645,0.9,0.472838200111083,0.367920288623032
"243","60ff6156666321187979ea94",0.718955799912926,0.754948439064051,0.8395,0.7825,1.16875,1.4684,1.4495,1,0.273512278080049,0.273148963585152
"244","60ff6789f2c59752d68e53b9",0.816167639134367,0.837038420964493,1.23175409375,1.010885,0.80625,1.635418,1.542205,1,0.341665490402251,0.363829569296824
"245","60ff6869e503c8c1e2be7df2",0.776635398847349,0.820713511476095,1.598783125,1.1834,0.78125,1.78212,1.81045,1,0.34732550757241,0.360765424126158
"246","60ff6d15b88e2391dbaede06",0.615892481709216,0.679139966443681,1.105140625,0.899,1.1,2.34536842105263,1.816,0.95,0.35338189039326,0.301034652815313
"247","60ff6ff478334d71a1b1378b",0.716571118722094,0.776803269297823,1.699829375,1.4676,0.825,2.05159,1.93855,0.95,0.381820799078732,0.347436230264193
"248","60ff762e5239a014eead0c1f",0.700615985440475,0.70682105862203,1.1171784375,0.9829,1.09375,1.86483,1.8169,0.85,0.224361923097293,0.23096759459622
"249","60ff76d6c604411be3f09861",0.710976151068091,0.783130198996901,1.834051921875,1.5516325,0.85,4.92323225,1.533545,0.95,0.32772544704912,0.334766620528624
"250","60ff79105d98c6ebf9efa752",0.662461471257848,0.663443280416491,1.3224475,1.08265,0.7125,2.04574,2.03195,1,0.434530059302248,0.439369427956948
"251","60ff7965b012696c1357219c",0.775817116612914,0.86775842748109,0.851708859409375,0.6325625,0.275,1.73443200005,1.550975,0.95,0.256442659908937,0.247218704892578
"252","60ff8160e8f2227f8b200510",0.573649983477265,0.584070357621311,1.886126875,1.50435,1.03125,1.40364736842105,1.2587,0.95,0.272298630407243,0.251574218436867
"253","60ff834ced6d44e459722347",0.84422554955153,0.864600732478114,1.2098740625,1.06545,0.73125,1.34915,1.34275,1,0.322143291913009,0.309413941662603
"254","60ff83ae7a31ac64e3f71491",0.530929144449619,0.571283423323282,1.5267571875,0.88345,1.16875,1.60494736842105,1.5495,0.95,0.270286934564407,0.264889194865723
"255","60ff8d646f5ecca6f516a910",0.583833182599665,0.648042052129463,1.114659375,0.9415,1.025,1.4705,1.441,1,0.2969164059309,0.294435364615352
"256","60ff8dab5974afca9c2c6816",0.708281706596671,0.714560202632185,1.24896125,0.8515,1.175,1.481985,1.4823,0.95,0.239320323957244,0.19225511739809
"257","60ff943039dd3022ee2d8d10",0.81553171373052,0.828059812800136,1.3399684375,1.1825,0.65625,2.27596315789474,2.2307,1,0.278833158659053,0.254389778766406
"258","60ff9740c0716986284c41b3",0.679589723931684,0.741262992249694,1.29506875,1.0664,0.9625,1.94683157894737,1.8163,1,0.20267626332269,0.161224078866554
"259","60ffb32808df73248acaee9f",0.595573334102822,0.66188422576533,1.279159375,0.9009,0.99375,2.23597368421053,2.049,0.894736842105263,0.206766224911881,0.186779871162494
"260","60ffbb189b5e539c9b0af149",0.7588582926405,0.824108153799155,1.6847503125,1.48235,0.875,2.231915,2.15495,1,0.348855594634937,0.324745853751774
"261","60ffbf91875b2c515d251452",0.427828072077094,0.495866238598346,1.4022171875,1.1925,1.26875,2.03579,2.0098,1,0.223479595432831,0.276809317983182
"262","60ffc5403089b5fc3e1c1a33",0.805752649932661,0.834829980967793,1.5640596875,1.21705,0.66875,1.91901052631579,1.9011,0.95,0.313776089362809,0.310201984911588
"263","610017622f038a5f947fc460",0.728462137284294,0.736326649971504,1.324671875,1.1178,0.65,1.78832,1.7674,1,0.44795721031983,0.437721356225159
"264","61002f666835203714619c62",0.684598827295352,0.716967279367905,0.966287265625,0.85042,0.98125,1.49554425,1.4430775,1,0.277662268756662,0.273202572009767
"265","610037b2225e262487da1b1f",0.800627602069116,0.836455375190077,1.273275,1.083,0.66875,1.68515,1.6165,1,0.296453847350771,0.310249947846758
"266","61003848a370015d74d6b5d2",0.795876383162589,0.872486379552353,0.87908375,0.78295,0.55,1.34577,1.3422,0.95,0.334298695823099,0.347104978012006
"267","61003a235712401f910e230b",0.673654426533258,0.683529623876265,1.36748625,0.9657,1.08125,2.25534736842105,2.2501,0.95,0.337993622082493,0.353402197158837
"268","61003a57b29e11c1531ed75f",0.703370917678637,0.703370917678637,1.466721875,1.258,1.00625,2.89245,2.8495,0.95,0.222406402577585,0.224457868734681
"269","61003c15bb9c1a8561eac292",0.739655384184197,0.838856958358845,1.1718728125,0.8173,0.73125,1.626185,1.39255,1,0.294610672783615,0.239429741993066
"270","61003d8e60e719291869b354",0.83922566839115,0.857076064588302,0.946706875,0.65285,0.51875,1.49751052631579,1.5692,0.95,-0.333553790709865,-0.301182225766722
"271","610040fd17c5a03d279f90f3",0.810865735596875,0.830962111523628,1.3364946875,1.13595,0.86875,1.63602,1.5373,1,0.468833414586425,0.46461063920926
"272","6100432a67ad454d0a623a03",0.36315145189666,0.491433644756887,3.2484878125,0.64175,0.9625,377.88368,2.05015,1,0.401199892699291,0.416546989619116
"273","6100434d983910e711b3a504",0.800583050515039,0.862480917339432,1.62890414062813,1.2801725,0.675,1.98046900015,1.9613175005,1,0.43089362901298,0.376396964721231
"274","61004503dc9295c868fa8c6f",0.679434719959604,0.746929444817863,0.9921253125,0.89945,0.64375,1.61993,1.55765,0.95,0.344700502896633,0.293310505516919
"275","610048e0cb6a01bb2ac7aa76",0.675644691506439,0.81464256093228,0.795073125,0.50865,0.46875,1.7839,1.63255,1,0.321519692665839,0.279508148546548
"276","610049238423f388e4bd4a32",0.0499887428194393,0.059136674671971,1.627291875,1.1255,2.3125,1.50032105263158,1.4014,0.95,-0.171741688909941,-0.114349570092786
"277","61004a341d22b1d5df6dd925",0.814195201009665,0.837679897125753,1.409941875,1.11615,0.76875,1.74876,1.7029,1,0.30277167196755,0.251335375019523
"278","61004e071430aab85ba2ac18",0.813695344864115,0.868316605313546,0.7191796875,0.4842,0.3625,1.49452,1.5172,1,0.257673898072312,0.216877374282113
"279","610050997aff9a6e73bccaad",0.591242897241464,0.612305338718059,2.05485375,1.24755,1.3875,2.53129411764706,1.8671,0.842105263157895,0.329965976677777,0.279900718501012
"280","610059b905e6d251e2cab6bc",0.622273404236961,0.734528644324819,2.0457253125,1.5832,0.8875,2.09283888888889,1.72395,0.894736842105263,0.235426852495876,0.225243157058481
"281","61005c79654dfd48f61ab93c",0.517785247611091,0.629926308072865,0.8001453125,0.7325,0.9375,1.68812,1.46555,1,0.224453821658105,0.235539276764022
"282","61005f04b9a1eec4bc7e4e48",0.702935144645008,0.725596076929922,1.2889640625,1.13355,0.875,1.63672631578947,1.5837,0.95,0.431916794545251,0.41588946766006
"283","61005f4d17e5cdd0ad5748c8",0.742833819564447,0.828262359649349,0.72414375,0.568,0.43125,1.74983333333333,1.5165,0.9,0.238921682406193,0.195235815697476
"284","61006058511273a01f0ce034",0.748204689361269,0.790054389587218,0.93504375,0.716,0.55,1.7955,1.617,1,0.278597409979782,0.26253094301989
"285","610061db544105dd7a6ede2c",0.718955799912926,0.754948439064051,0.8395,0.7825,1.16875,1.4684,1.4495,1,0.273512278080049,0.273148963585152
"286","6100685a736fb35770886345",0.561115772552035,0.565473737199924,1.744326875,1.662,1.55625,2.784025,2.7137,0.9,-0.367083676281297,-0.374950310328901
"287","61006bb50007a5f767a7c6e6",0.692887677252181,0.747333856419034,1.187258125,0.93185,0.875,1.60169444444444,1.5846,0.947368421052632,0.216400040679644,0.176975991561886
"288","61006befb060ce1e415e03df",0.888892088194595,0.904737139752518,2.251078125,1.8005,0.6,1.576,1.483,1,0.509811878089975,0.540398314591801
"289","610071da1faac9f7561d984f",0.631018987122527,0.730245687745926,1.3678315625,1.13355,0.8375,1.606185,1.5674,1,0.321504531930581,0.361725480498892
"290","61007d3e328431a4409a59cc",0.628465778004128,0.681144833045536,1.13088875,0.9157,0.925,1.82496,1.7165,1,0.385324468642847,0.380373115268399
"291","61007d53537409cd3125c6ca",0.675472944490127,0.733453874750871,1.216696875,0.975,0.84375,3.17655,1.784,1,0.407752770460099,0.411321717922252
"292","61008a516a9d46f003cb6555",0.769308411008188,0.79606902775037,1.165853125,1.01815,0.96875,1.5925,1.5098,1,0.281097171093514,0.237725029368605
"293","61008b3cfe1543cea836dcee",0.609237169536538,0.638369944507872,1.0738209375,0.8508,1.175,1.53626,1.4591,1,0.337785747183248,0.310854795075267
"294","61008e0692c4e112f80c097b",0.786613608782615,0.811797317920778,1.1584034375,1.0173,0.8875,1.68757894736842,1.55,0.95,0.475122101671024,0.443507229214714
"295","6100914955639de64ec75a58",0.418589923800751,0.438253027811286,0.77809875,0.5499,0.9875,1.93659,1.86655,0.95,0.235044447317479,0.237948077904578
"296","610092cd118be400cb5a66fa",0.736286170510328,0.813594298910402,1.2712896875,0.83065,0.40625,1.96677,1.6749,1,0.310835022719292,0.344727530423624
"297","6100987a26cc8c75ffe99d67",0.756965736411932,0.840870668398224,1.278480359375,0.9840275,0.65,1.81702625,1.78597,1,0.423712677500961,0.39511901171903
"298","6100993be073d2243a0af320",0.624637994931036,0.630038514669577,1.391434375,0.88325,1.1125,2.0295,1.7996,0.85,-0.421632797731966,-0.410581091005481
"299","6100a1f6c5c81614e604da15",0.632755961485193,0.626500718805522,1.404524375,1.2204,1.08125,2.19075789473684,2.0825,0.842105263157895,0.42478877981473,0.42776378027544
"300","6100a7d308e142f9066458c2",0.829423473254915,0.847173399829933,1.178359375,1.069,0.7875,1.74555,1.5945,0.95,0.295819568632724,0.280825112392225
"301","6100a8709599c7ce38d7c4a7",0.746127851870459,0.805491006520404,1.2023990625,1.10035,0.725,1.7546,1.7009,1,0.270566277139672,0.273702563677409
"302","6100aad31b75bacb3595fdee",0.658537169673,0.689176006977687,1.2296478125,1.0334,0.9625,1.85143157894737,1.6161,0.95,0.514921955852119,0.508275443208419
"303","6100ac178a474bfcc555379b",0.617695159008231,0.724624192198156,1.41946503125,1.216105,0.95625,2.21864777777778,1.9173575,1,0.206940065949624,0.256775984821473
"304","6100aef9d0f776c296aa08b5",0.781763992182483,0.793904803286257,2.0478446875,1.5919,0.86875,2.113105,1.8575,0.2,0.436255664456918,0.422346889198513
"305","6100b21cf563ca9a72200a94",0.317742493365538,0.436525192965445,2.1795546875,0.78465,1.48125,2.117395,1.97485,0.95,0.158109824473236,0.1490165641712
"306","6100b7d1d121da73b60c7b6e",0.704041961235631,0.744926756556006,1.5359290625,1.3997,1.11875,2.197065,2.0742,0.95,0.414956780299356,0.418080146827848
"307","6100b86d68f33db3c5aa1609",0.652677868610453,0.792389026546158,1.78681625,1.18195,0.8125,1.65692,1.5705,0.95,0.281292169708126,0.301559589082257
"308","6100b88cc7d099e491ea886c",0.790333982802436,0.805381267001366,1.9619728125,1.6867,0.71875,2.009075,1.8964,0.95,0.344639557968782,0.365152189351354
"309","6100ca9fe498aed972793cd7",0.749854964545828,0.837371806803986,1.6687,1.48935,0.71875,1.458705,1.432,1,0.413513434039389,0.424511311366146
"310","6100cb1963ae19d250fe70bc",0.501798720275251,0.570966606206692,1.71491875,1.167,1.325,1.799,1.7165,0.95,0.272874253622527,0.257064236325375
"311","6100cbe60f7a8b9dd63261b4",0.636309905130448,0.74205902398018,1.232714859375,1.000395,0.70625,1.419921,1.191515,1,0.346639737725143,0.321487163863986
"312","6100d28f1e251a6dff92f0df",0.90875486723373,0.907851668605409,1.746436875,1.2996,0.53125,3.76236,1.72465,1,0.460232555272574,0.440950445843481
"313","6100d4108e61dace24b7fd6a",0.467716126440665,0.459795172530949,1.98245625,1.325,1.29375,3.1755,2.0665,1,0.399713809778101,0.378816061638592
"314","6100dbf4d8e0cc51cf89039c",0.363805932100135,0.506418058991617,1.008795625,0.8515,1.51875,1.813135,1.5835,1,0.272934106029718,0.330576372141144
"315","6100eaa1c4af53132eaf57eb",0.535260016049471,0.567507711835827,0.8867109375,0.7259,1.15625,1.66297,1.3906,1,0.361616362728039,0.3364896754167
"316","6100eac72b0f00b188e9a386",0.17304785553645,0.208211030007456,0.95791625,0.685,1.7625,1.721795,1.7207,0.9,0.0698801241082585,0.0622293308532003
"317","6100ed2dd8aa14dccb8d0915",0.622242569807231,0.663122392682506,0.94815271875,0.7729625,1.25625,2.00586684210526,1.934335,0.95,0.367524225046908,0.367233332147566
"318","6100f8806915845f7cfc1707",0.686243711186595,0.691375107400518,1.142421875,0.99975,1.16875,1.23645,1.24135,1,0.361110793506591,0.349148186606318
"319","6100fa7fb0b18ed4c4435d59",0.486241414356419,0.51129389230768,1.0501125,0.9175,1.35,1.5977,1.474,1,0.276955750904238,0.296395985648016
"320","6100fad499688019dec679cd",0.812120340664937,0.823710570050662,1.6782328125,1.15015,0.79375,1.719425,1.63565,1,0.309499826737931,0.34055748162132
"321","6100fb3a99688019dec679d9",0.669465232691847,0.709366939975972,1.114118125,0.6669,0.25625,2.02477,1.9074,1,0.350292969475317,0.282434291808294
"322","610102b7f7493eff26309a1f",0.675858105363134,0.726171701761623,1.577246875,1.391,0.975,2.02325,1.8105,0.7,0.301634203981253,0.271322667146171
"323","61010bd98095d440ada024e4",0.722370330672683,0.783579571005806,2.0601645625,1.6370675,0.64375,2.5535175,1.94603,1,0.303470592342114,0.325658231545876
"324","6101122085410e70ca020a04",0.682223236304591,0.767259520251582,2.2793334375,1.20765,0.725,1.566665,1.50765,1,0.134858063124176,0.15099454648318
"325","6101414c95b65c2f6663f8ea",0.718955799912926,0.754948439064051,0.8395,0.7825,1.16875,1.4684,1.4495,1,0.273512278080049,0.273148963585152
"326","6101698f1094df2f82ab8a5e",0.876218943427727,0.90390256948187,1.41613529682188,1.2157275005,0.71875,1.37662500036842,1.315330001,0.95,0.397729934707023,0.38421758326188
"327","610174a8f8a591e240e77be0",0.634973416590305,0.645871133953669,0.8926890625,0.78375,1.25,1.50857,1.4833,1,0.429509296010571,0.403499855228236
"328","610183ffbfe2d8b4c94fcf01",0.760743098245082,0.850858505213069,0.960534375,0.816,0.625,1.8382,1.65,1,0.380248054757234,0.405961445272583
"329","61018830046d35da29ee579c",0.748788820367403,0.798753280459598,1.3787175,1.0919,0.85,2.48159473684211,1.949,0.95,0.22354088171609,0.247956953019036
"330","61018ac0b925ce90dfec65ea",0.671393070520032,0.703946640564344,1.1607590625,0.91815,1.1,1.69671,1.57715,1,0.204859003805252,0.204952738310801
"331","61018f3269df71dfbea45098",0.659625618441257,0.701685624345026,1.3680625,1.15,1.09375,1.6762,1.4495,1,0.332423535716293,0.27256062631811
"332","6101a914523b50e7c767b00e",0.344708108484484,0.484033500306378,1.37664375,1.032,0.8875,2.42225,2.0245,1,0.18726853172599,0.248625895300887
"333","6101b539b62e9ab88656497d",0.782153799820123,0.843681690726474,1.25926375,1.0502,0.56875,1.99468,1.9174,1,0.454783109608259,0.428534921517579
"334","6101b58d26f47c98e418489e",0.705838507387879,0.72605655476786,1.792015625,1.434,0.95625,1.899,1.8505,1,0.422089508823046,0.419065777836064
"335","6101b6d51040dd4205b86c28",0.529183434258065,0.617465224747576,1.17324375,0.9675,1.3,1.7903,1.725,1,0.199927321092374,0.115570641961012
"336","6101bf7dd34564c349a734ff",0.704953248779923,0.761162870746368,1.682284375,1.266,0.725,1.9224,1.7995,1,0.387213996985095,0.349621252041659
"337","6101c1622c420e21591e1b96",0.825230213934357,0.884772601914877,2.0616065625,1.6503,0.44375,1.37908421052632,1.3997,0.95,0.464891829775105,0.452475348467266
"338","6101c5bffd584fdda7def135",0.662497009702148,0.748583989212041,1.64772875,0.58325,1.16875,1.51481052631579,1.4674,0.95,0.444148091324433,0.356850377081396
"339","6101cecdcad088615357832c",0.799135832686475,0.818795441164535,1.6130121875,1.2246,0.49375,1.7233,1.70755,1,0.497438606987706,0.483432193987736
"340","6101d91477752dbb2e72baa5",0.764510566713802,0.782076760701763,4.85698375,1.2379,0.78125,1.98591,1.8721,1,0.374022514342795,0.357442847756289
"341","6101ed0ef8c205170a3e22cc",0.833043116413749,0.928550507654239,0.99312625,0.72305,0.4125,1.617305,1.5485,1,0.310516824847596,0.255725088433517
"342","6101fa06a9c401859f5a40e4",0.599197495408877,0.645570305222289,1.184225,1.049,1.19375,1.75673684210526,1.599,1,0.426557165029948,0.417596326118199
"343","610202bb0ca06f14b87d1605",0.807044382926544,0.82511625964097,0.9464178125,0.8495,0.80625,1.358935,1.30785,1,0.387045740346856,0.364250605935025
"344","610203b1bc07b831633fa676",0.607766287847341,0.683589212563659,1.2201946875,1.0666,1.28125,1.79603157894737,1.7657,0.95,0.294839467912909,0.323430164957519
"345","6102050090041d90dc5413f3",0.750361572617212,0.81968760295993,1.00813125,0.916,0.73125,1.7735,1.755,1,0.143697196257953,0.0725541842612832
"346","6102087c864264a3f5579fc4",0.738721277664739,0.774973815748894,1.923578125,1.5,0.9125,1.61585,1.534,1,0.286936115049698,0.269274761184709
"347","610208f5f10d1b98defbf814",0.718955799912926,0.754948439064051,0.8395,0.7825,1.16875,1.4684,1.4495,1,0.273512278080049,0.273148963585152
"348","61020974d844343a3ff517d7",0.779271916309086,0.785193991556325,1.62643625,1.16615,1.00625,2.1528,2.0756,1,0.358593185708601,0.324393765230298
"349","61020c152715b970291062db",0.884697684620416,0.895311410742086,1.4862965625,1.1744,0.7125,1.36816,1.27455,1,0.377442247004319,0.304409148554271
"350","6102126f393f8990e53d37e6",0.540240098937216,0.589485187141477,1.630026875,1.0174,1.4125,1.66751,1.6511,1,0.327793771692214,0.306259599013574
"351","6102185a2bc0fd85fda9aed0",0.56836664184056,0.567624191012649,1.10420625,0.963,0.9,1.70725,1.66,1,0.357967198006304,0.354194971224483
"352","6102195038f3ffcb73225853",0.77227698651859,0.795729336284471,1.648939203125,1.3004125,0.81875,1.92045375,1.73412,1,0.30790027461863,0.283696771821831
"353","61022223a350329c8ca81df5",0.531243528342,0.735119011115022,0.6477740625,0.5661,0.98125,1.389975,1.35005,1,0.355991892305856,0.34206332787966
"354","610224c7e331699763a12488",0.668182672621058,0.691800441915612,0.88507125,0.7075,0.63125,1.858355,1.76705,1,0.283783665775716,0.304649388418657
"355","6102285a4cadf6b3a87ed993",0.697916634902852,0.696678154220201,1.2304378125,1.0681,1.0625,1.78059473684211,1.7373,0.95,0.404609401720512,0.362362658750491
"356","61022a84042923c389bf1499",0.790721493345419,0.810025928353682,1.06663625,0.8806,0.6875,1.401695,1.35385,1,0.2075112079621,0.171347476853605
"357","61022d296d11b07dd50a6793",0.447211017208568,0.49413492339876,1.12184,0.8936,1.09375,1.39197,1.347,1,0.383547916981284,0.37889571155972
"358","610231089f7e70a4aab3d083",0.795992844934197,0.868519553594353,1.6970790625,1.28475,0.56875,1.51916842105263,1.533,0.95,0.408643956685695,0.401865661195533
"359","61023602e6e4517b310c24aa",0.616354402163044,0.70262854694885,1.78957875,1.43195,0.86875,1.839565,1.693,1,0.290648111136681,0.24588505872725
"360","610237c272f68683ee0ae662",0.841127819689961,0.893273357516001,1.0465228125,0.7436,0.4125,1.75741,1.6748,1,0.430876051235913,0.376530701877165
"361","61023d86ff017d53fdb4970e",0.710574253931092,0.777577943473779,1.212278125,0.883,0.6375,1.4762,1.3415,1,0.393452849043973,0.343331253596499
"362","61023e0830e893bec6bd8f3c",0.768815440760048,0.747394712838043,1.1562871875,0.95875,0.93125,1.78144210526316,1.7159,1,0.428757857899421,0.3967196846924
"363","61024c6fb46fe099f45f2296",0.796002804694376,0.833394456819537,1.53622071875,1.334055,0.89375,2.22711578947368,2.067975,0.95,0.328119603336187,0.335352397050599
"364","61027e7e28245b6b5cab5e60",0.724006746243513,0.839680123288852,1.38522375,1.09145,0.6375,2.4134,2.34165,1,-0.370923910183947,-0.349611500917752
"365","61027ef48b6608d0126bab31",0.540944901463296,0.729917595905465,1.07266875,0.702,0.3375,1.50547368421053,1.499,0.95,0.368156351339899,0.285484640659984
"366","6102990f8b3b06f480d1ae4d",0.553096097359914,0.600499097665982,1.2290634375,1.11655,0.9,1.80572105263158,1.6998,0.9,0.349017653614517,0.355263523309847
"367","6102aa9a20e54b54f0a32c41",0.555056144345775,0.593262328057847,1.741570625,1.37795,0.9375,2.64575,2.41245,0.9,0.354256089698439,0.32896162994193
"368","6102bfa4053527360211a7b8",0.624443865978988,0.676192169364632,1.3107178125,1.11655,0.89375,1.879465,1.87225,0.95,0.43124565749781,0.449115410729226
"369","6102d3c05c31cb5c38158b34",0.755342370511878,0.789541755817188,1.31802625,1.10015,0.875,1.60767,1.60135,1,0.343737179061665,0.344212084061569
"370","6102d6071567279a56ff3479",0.292688918938726,0.280022378103997,0.943216875,0.4171,0.8875,1.8279,1.7461,1,0.132556549659464,0.172261597851579
"371","6102e390c456629247998554",0.759114683431579,0.82072894004486,0.7646784375,0.6326,0.6125,1.530865,1.44955,1,0.332415941793468,0.341152793111647
"372","6102e3d449f429ddae848e98",0.739443821663719,0.757581057841564,1.422484375,1.1,0.95,1.69810526315789,1.633,0.95,0.335030200493883,0.257764448739183
"373","6102e71dcb976d58c1435272",0.850157119406414,0.860416004111374,1.4153375,1.249,0.66875,1.5088,1.5395,1,0.421923806758195,0.423794653617764
"374","6102e877042872b030f90bb6",-0.101101255515728,-0.0880430490983596,0.4124375,0.234,2.05,1.4024,1.424,0.95,0.048658894926953,0.0356846941893034
"375","6102eb79ffcced89eefe3062",0.590236728195076,0.616770779680201,1.0375290625,0.88275,1.13125,1.44768,1.31835,0.95,0.314058118576084,0.323767775431797
"376","6102ec963d19b2600a047347",0.688597084265608,0.689095617650483,0.989578125,0.91985,0.8125,1.5996,1.5715,1,0.54266211658059,0.51171669115015
"377","6102f1d7283089bf23293f50",0.741320114662116,0.819763945528935,1.296453125,0.9595,0.625,1.58795,1.5775,1,0.334728267021065,0.318185940019003
"378","6102f2edaead0032c5054812",0.781194047725526,0.873074415955385,1.01430625,0.7585,0.60625,1.55905,1.4915,0.95,0.44066520017627,0.397611267790843
"379","6102fa60aae1a0c56b0c30a5",0.765721976979432,0.833579756143997,1.094938125,0.90315,0.75,1.455275,1.45135,1,0.36823249721603,0.351613594418584
"380","6102fab304462811ad2fc5c5",0.778966917803429,0.827433621203121,0.8393,0.717,0.8625,1.4483,1.3915,1,0.333806892378141,0.307674588339027
"381","6102fc0089a279de6a998e7d",0.556981943468312,0.611226277119472,2.757023125,1.3914,1.36875,99.16465,2.02385,0.85,0.299674568587887,0.289423902513045
"382","6102ffcf0b5c594e388d2d72",0.823792554605064,0.865852770588219,0.9762671875,0.83375,0.59375,1.64170526315789,1.682,0.95,0.486821755554422,0.452394686816986
"383","610302f87498dc46e622b4bb",0.760189945854902,0.806769352782555,2.2258690625,1.4957,0.925,1.696605,1.57895,1,0.385045551477424,0.355256862070307
"384","610309cb6693b9f1ae07b5f6",0.75068159836744,0.770465524925375,1.558996875,1.251,0.74375,2.8893,1.9665,1,0.414602160561746,0.430929125070863
"385","61030dd8991c249c718415b1",0.674376728858189,0.701019231941751,1.18766565625,1.0173825,1.1125,2.2259395,1.908755,0.85,0.387112204351634,0.35810685100855
"386","61030e69dd2c21915339e898",0.717254870609536,0.754234456848915,1.9095365625,1.3246,0.99375,2.814235,2.2419,0.85,0.176083023227445,0.158481813346121
"387","61030f79739dc11db7d01eeb",0.731193471401801,0.792641572893533,0.952979375,0.8827,0.95,2.115485,2.05695,1,0.298947130947399,0.297712126952998
"388","61030fd06c01209b13e99780",0.843188270884829,0.860996931812894,1.8924690625,1.48745,0.7,2.060655,1.93995,1,0.529470187773108,0.504644481844576
"389","6103101795d08201eb44f6a6",0.274342822443044,0.3514100974216,0.7044196875,0.59905,0.93125,1.443085,1.44065,0.95,0.28457881523846,0.272902189499745
"390","61031048f58595acbfdf85b9",0.724367375836122,0.756169397221054,0.9174484375,0.7318,0.475,1.79049,1.72225,1,0.290418126498024,0.257424113387746
"391","610311ec875da584801f90eb",-0.0183973920423514,-0.0306271685042262,9.26052375,4.17895,2.0125,3.75998,3.4621,0.9,0.065760906610645,0.0886232424128726
"392","610311f4fce391260a339321",0.807973326747304,0.79436106829741,1.336335,1.22135,0.81875,1.48093,1.5014,1,0.300614873077473,0.240275157330233
"393","610311f92fb14a35337137e7",0.547847645443251,0.562387587542006,2.03213531246875,1.1045000005,1.49375,1.67443500005,1.5266500005,1,0.295722081953257,0.298279394846632
"394","6103122eb08df918649a930c",0.718955799912926,0.754948439064051,0.8395,0.7825,1.16875,1.4684,1.4495,1,0.273512278080049,0.273148963585152
"395","6103127d2a2fe4aee72a7cd2",0.839763356663723,0.846977029233536,1.3232578125,1.08415,0.74375,1.383515,1.3001,1,0.401839866541913,0.382785901480706
"396","610313c21dc0b22ab21ed775",0.835507877823332,0.888859723841457,2.043082984375,1.2562525,0.8,2.47121475,2.326615,1,-0.368647502037555,-0.334448468512627
"397","6103145ca84c21e92682d6cf",0.718955799912926,0.754948439064051,0.8395,0.7825,1.16875,1.4684,1.4495,1,0.273512278080049,0.273148963585152
"398","610314f70be8d9402adf9c6f",0.766288325102498,0.829398616181032,1.5012375,1.20015,0.61875,2.00613157894737,1.6676,0.95,0.279803871287554,0.273306046699229
"399","610316373c7163da28a978f8",0.684883450836355,0.791206061640011,1.30844625,1.04985,0.61875,2.412725,1.97365,0.95,0.345725137538217,0.326334261550635
"400","6103172048a198940b193018",0.474457640867154,0.506561341539596,1.3929046875,0.8682,1.3,1.43746,1.3834,1,0.16805800322031,0.227471975702969
"401","610317bf4ff2cfcff5c3d8d1",0.704540644469104,0.717737389004127,1.087488125,0.96575,0.8875,1.43478,1.34245,0.95,0.386036103067435,0.363162695303796
"402","61031c95c9b3c0c70b9f60a7",0.680252256293595,0.711161276132062,1.3868965625,1.1738,0.93125,2.249415,2.056,1,0.426138285353078,0.404722883005343
"403","61031e3bc2b8928823a87c43",0.750413109039563,0.787868826088902,1.7448296875,1.49985,0.73125,1.89978947368421,1.5497,0.95,0.383210628230976,0.371086333490529
"404","61031efd1da4a14d8e9a86af",0.564540910743446,0.639844425758541,1.01281875,0.783,1.05625,1.37384210526316,1.316,0.947368421052632,0.362679327076136,0.337621929412447
"405","61032601dabc8bfe1409e7ac",0.556361527531981,0.743797763186604,1.3178725,1.13265,0.99375,1.9979,1.9813,1,0.448959829412315,0.3987327680733
"406","61032728290ef8e5d30afcaf",0.532070170370114,0.554533734696965,1.422849375,1.13375,1.26875,1.424585,1.36715,1,0.358737803584344,0.326012739063484
"407","610327b3d3eafd74891133fe",0.726279935431816,0.788956670027548,1.368125,0.993,0.73125,1.44095,1.325,1,0.244618470236902,0.255492513423338
"408","610328909dde1ee1a352daef",0.734038691628101,0.734495751448778,1.353566875,1.08435,1.0375,1.453255,1.3421,1,0.370833441624861,0.334769509911345
"409","610329a74ccff557eb132122",0.822914568897703,0.834037789464657,0.930076359375,0.801515,0.6625,1.342686,1.3092925,1,0.287417935209948,0.278979365019035
"410","61032a35ae067e7ec879e70a",0.585602081559672,0.62317014527238,0.93373,0.79965,1.08125,1.61234,1.4833,0.95,-0.177797584757445,-0.156409831758781
"411","61032bce6198732a57f68dff",0.826214423345901,0.830720920077788,1.5055946875,1.2352,0.68125,1.80342631578947,1.8189,0.95,0.517341266205849,0.511061264126934
"412","610336af8890b00f2a4fff86",0.712046709448329,0.737291873679881,0.9647390625,0.8151,0.95625,1.59125,1.45445,0.95,0.292557888961808,0.294504190493476
"413","6103380f5760c211093ec7c5",0.765143396274927,0.805872438677082,1.158481875,1.0003,0.91875,1.49568421052632,1.4921,1,0.368652828653661,0.296159180824544
"414","610338f9b119ef8991fe47c4",0.790663372860953,0.827950759656439,1.7386271875,1.21945,0.85,1.79471,1.72525,0.95,0.344039236799397,0.35025035201508
"415","61033994adbe0652d3c39b71",0.724225795234492,0.765447852616724,1.0501896875,0.8432,0.85,1.73708,1.68155,1,0.330943733893865,0.331106229517681
"416","610339d9df9af20e59c4c686",0.691086249517992,0.736144990823414,1.2985096875,0.9838,0.9375,1.579925,1.51595,1,0.405071322203444,0.423093267187617
"417","61033b09439a14035d77fc22",0.510552742662547,0.554164451442986,1.003453125,0.7742,1.36875,1.69026,1.39045,0.9,0.348450905364261,0.341131694409825
"418","61033da02b2a5bf215b3dc11",0.706703929974438,0.717937674847204,1.2174459375,1.00005,0.81875,1.529075,1.4416,1,0.464129456633594,0.480480050987212
"419","610341bbc7f7114aea9a2cea",0.722922645088466,0.812074748319003,1.33814625,1.08395,0.74375,1.901515,1.79225,1,0.227644966966311,0.241584302894487
"420","6103420d5147efb55f890c8c",0.805980498614747,0.807229964377094,1.012246875,0.816,0.73125,1.5705,1.433,1,0.348350904608502,0.329603140100532
"421","61034258c96850cb404c52d2",0.799612999391288,0.835663688731058,1.1501134375,0.9668,0.61875,1.58507,1.5658,1,0.261613338475821,0.233564346430742
"422","610342791f17a52c9fd5ea36",0.801485465318841,0.826731881149216,1.209095,1.05565,0.7125,1.737025,1.7153,1,0.262758223764377,0.271123225751251
"423","6103433959b11158bebca998",0.684878332389491,0.842943157685973,1.361018125,0.4239,0.325,1.347655,1.16545,1,0.271635081387039,0.212942365490509
"424","610343e098c067d744ec212a",0.456570237806774,0.559619477147953,0.8435190625,0.6521,1.41875,1.56207368421053,1.6003,0.9,0.237144933330838,0.275011298391333
"425","610344869928e5cbcc7ebf23",0.796837351289145,0.819572481873089,1.4531440625,1.19205,0.88125,1.61833,1.56715,1,0.30873294266018,0.291270360191324
"426","610345ceb299e0132938d55c",0.748517291542046,0.78192075246936,1.9022984375,1.4504,1.00625,1.66745,1.56515,1,0.333384676853525,0.353154950019558
"427","6103462a62215bc455f87411",0.477309546678687,0.501351978244793,1.42665625,1.184,0.93125,1.55436842105263,1.5,0.95,0.242814502027641,0.188783410498448
"428","610347b5b849c3e6a52e4a4a",0.74472425236118,0.827098762480014,1.4561271875,1.2017,0.73125,1.63159,1.57475,0.95,0.265076959479981,0.187680806949614
"429","6103494acb49b118fdcf2db5",0.795548589256684,0.841222541203599,0.883925,0.784,0.7375,1.658,1.5155,1,0.440789990759823,0.397659514570584
"430","61034996de4bc91eafb48814",0.72072298018505,0.7460965725815,1.734245625,1.27465,0.8875,1.96898,1.9578,1,0.169843606842188,0.217260877171602
"431","61034f24da19cc56177b8b59",0.803687170026235,0.797423677674272,1.60868125,1.366,0.525,1.9736,1.8575,1,0.302195565469762,0.237974665525639
"432","61034f3092f51520b90743d6",0.675726919041896,0.740809739237598,1.262653125,0.967,0.9375,1.4938,1.5165,1,0.420534945432997,0.38945203245131
"433","61034f3b7331bbf477dd2dda",0.733494725753671,0.831981327942787,2.1989303125,1.744,0.59375,2.59845789473684,2.4982,0.9,0.250068998157902,0.288871761129397
"434","6103502ca40f5c646cf623ff",-0.128276048105278,-0.103643188117612,1.2166271875,0.91425,2.04375,1.584515,1.5242,1,0.193673056235597,0.1973985722023
"435","6103508e0a0d600eaac0a294",0.621030747818773,0.703558002254572,1.3463978125,1.11555,0.65625,1.92309,1.74005,1,0.415016746391006,0.410846538169448
"436","610350d9b4852b4007ab7f87",0.7539962596719,0.784922018201892,1.07979375,0.9507,0.775,1.688875,1.6498,0.95,0.34775989260117,0.332597733182219
"437","610350fa3d929461b8ca9103",0.718025888146044,0.739712604119968,1.825009375,1.466,0.875,1.8254,1.749,1,0.424879050074046,0.410348089951349
"438","6103514ec85d6a4d0c2f3375",0.752963822262375,0.89136468234791,1.063628125,0.683,0.375,1.4823,1.5235,0.9,0.350249352119365,0.322906507665371
"439","6103547238747506ef02bb29",0.712907726027915,0.760330155285323,1.6847146875,1.33595,0.86875,1.756175,1.73155,1,0.446502580314747,0.413801921192525
"440","61035476b946ec7981de1dae",0.86558733492516,0.87818100140761,1.4212815625,1.1931,0.70625,1.714365,1.6505,1,0.336511249228508,0.33220387430511
"441","61035646f6f36bf75f71c354",0.811092295753219,0.848504285568736,1.086683453125,0.935165,0.75625,1.55680325,1.512405,0.95,0.394214043102632,0.357075144662877
"442","610356bcea0d0f2bbaefce1a",0.610389062820073,0.650567508944119,1.434596171875,1.19987,0.9625,2.5217555,1.947365,1,0.315576965503357,0.275019619235863
"443","6103579f72b250e7a439b926",0.733642848757142,0.836486280408744,1.2129428125,0.9514,0.775,1.51292,1.3899,1,0.380411204928486,0.355655154180808
"444","6103583967377f29277e44ba",0.648796266917849,0.773646491076242,1.287783125,0.984,1.00625,3.69549,1.41625,1,0.253717518876895,0.243148938705363
"445","61035886e691b3a7e313208c",0.718955799912926,0.754948439064051,0.8395,0.7825,1.16875,1.4684,1.4495,1,0.273512278080049,0.273148963585152
"446","6103597aec377370bfbcbf7c",0.76386907414012,0.839951881778163,0.9401525,0.7683,0.65,1.980085,1.496,0.95,0.463010937469802,0.408585823610597
"447","610359e9133e7d55cfb0d597",0.718955799912926,0.754948439064051,0.8395,0.7825,1.16875,1.4684,1.4495,1,0.273512278080049,0.273148963585152
"448","610359fd24cc412e70e304e1",0.8074800761238,0.84195603744101,1.0964478125,0.93205,0.55,1.78748,1.7998,1,0.402246674768907,0.371225907196755
"449","61035ae4030737a3d2a51a11",0.648029392142026,0.736074371565676,1.0921225,0.9156,0.95625,1.53492105263158,1.3817,1,0.314208467282754,0.316790964408346
"450","61035aefabf4c24bbcec1b7b",0.737913870388499,0.779647856914155,1.1886734375,0.94905,0.89375,1.779895,1.60045,1,0.278299545298308,0.268394558448601
"451","61035b9030a71cfbc7b24897",0.735703003959147,0.808514851074229,0.9323871875,0.767,0.5125,1.51425,1.4832,1,0.43766937898778,0.361566877263508
"452","61035baf05c0521abd331da4",0.820136982034482,0.871363080136214,1.594965625,1.1507,0.48125,1.5565,1.4496,0.842105263157895,0.41204963248777,0.395476353952414
"453","61035c6dabf4c24bbcec1b90",0.355874110185683,0.382794967443018,1.0299740625,0.65075,1.425,1.58464,1.6413,0.75,0.216457235208749,0.221773932941138
"454","61035ccd030737a3d2a51a2d",0.816746119233355,0.835547195331464,1.6725625,1.3328,0.73125,1.580885,1.5257,0.95,0.407222320352443,0.41882359938886
"455","61035cde69aaa4298e4e3dd1",0.597969836292552,0.745453022784927,1.8029846875,1.09835,0.75,1.81212,1.6517,1,0.177639233558067,0.206218680208729
"456","61035d8bd2b5312942a13d94",0.718955799912926,0.754948439064051,0.8395,0.7825,1.16875,1.4684,1.4495,1,0.273512278080049,0.273148963585152
"457","61035d9ff98a80eac67779b7",0.732672189070914,0.815044434549292,0.885825,0.6494,0.3375,1.41142,1.4061,1,0.301502993810333,0.320916734740899
"458","61035da6b080f8c199539329",0.500343739801124,0.486760391499047,2.7130009375,2.2837,1.325,2.06504,2.0208,1,-0.0332959623646046,-0.0101909691995039
"459","61035e5f92396a346169f1b5",0.769007274989284,0.795195218612375,0.9468646875,0.83305,0.9625,1.64096,1.4432,1,0.361685033152354,0.352445968627807
"460","61035f0c5670985a943f70f1",0.785452015281278,0.820945993035091,1.3689478125,1.0742,0.81875,1.54909,1.56445,1,0.432796730614636,0.404772170323815
"461","61035f2f2b70d404ca70fb15",0.659665685008338,0.786263653168406,0.90715625,0.746,0.7625,1.77635,1.681,0.95,0.443617789953544,0.390054514039922
"462","61035f57b8399021c313c379",0.640803710256815,0.692742347212413,1.3433125,1.09895,0.88125,2.00259,1.8976,1,0.400597263603066,0.390142177535092
"463","61035fdca8e42cfdbbca31f2",0.601497470309927,0.613236932294578,1.342709375,1.012,0.81875,1.9972,2.0155,0.95,0.421938452550886,0.381882345736551
"464","61036102a3f05e2ef6e4e3c6",0.516907947756166,0.56269018307406,1.001853125,0.833,1.4,1.5458,1.4915,1,0.355320492410876,0.351417670762454
"465","610361398cc16a47afe9c948",0.270071486980267,0.325378213547667,1.0127584375,0.8187,1.54375,1.94016315789474,1.566,0.85,0.155190260698893,0.188311479670182
"466","610361af7915c5f2c51a4983",0.783122987652486,0.784795595164623,1.631320625,1.1998,0.74375,1.93896315789474,1.8993,0.9,0.437226737922767,0.445725661160619
"467","6103630d21124460e8fb210d",0.687632145609121,0.749945263234204,1.222584375,0.902,1.175,2.02785,1.6165,0.85,0.397575770863992,0.424758253833077
"468","6103633108de7b1f37485955",0.738554632335498,0.790381796777059,1.097296875,0.9175,0.525,2.16795,1.952,0.95,0.331542667624792,0.314383080769763
"469","61036353cf559b0c0d3a025c",0.672791619505938,0.865506521846663,0.85175,0.6011,0.2125,1.73842,1.6993,1,0.342354440423566,0.291302643002331
"470","610363c0fdfd44b94488e6ef",0.623764421818456,0.635072562518893,1.2585,1.017,1.05,1.912,1.649,0.95,0.172448268788463,0.153390676539747
"471","61036408097ef9b5244058ed",0.769941167544841,0.876683342429612,0.941703125,0.851,0.48125,1.81321052631579,1.687,0.9,0.359496998729407,0.310146628880481
"472","6103645ddeeb9221c771e721",0.60427295879249,0.690620815471722,1.350555625,0.818,0.99375,1.54405263157895,1.517,0.95,0.386173320152411,0.375431674018051
"473","610365491336a1f2766ae033",0.667834615914402,0.716075470596689,1.3352046875,1.0174,0.9625,1.4766,1.3406,1,0.341749186569741,0.25595211642907
"474","6103654d81de79ade4dba583",0.814981827501223,0.835747584193857,1.3862071875,1.1668,0.8375,1.659365,1.6598,1,0.38124938843632,0.335275057445593
"475","61036562aa01ea6f1560a8da",0.475892364439792,0.75594686559435,1.11074375,0.883,0.9625,1.6292,1.4335,0.9,0.270754050642638,0.281520051439947
"476","61036710e1eb1d931b7a34a6",0.533616804063845,0.56267295029024,1.1214875,0.883,1.24375,1.5931,1.548,1,0.40244112402014,0.377973214253944
"477","61036745d2053b82e13f7eed",0.700192482582126,0.759087048748028,1.332844375,1.05135,0.875,1.65571,1.60995,1,0.443631957344028,0.439468566745002
"478","6103678437cbd80e381c5863",0.89734256599354,0.901979582018163,1.6510925,1.3492,0.60625,1.494425,1.4029,1,0.235908342653807,0.225996420480707
"479","610367ad785ce86ceb8d201c",0.529643878365225,0.571500287563693,0.917603125,0.8165,1.35625,1.4596,1.383,0.95,0.520163828482243,0.512296091662446
"480","610367e58b767ec6c3395508",0.805888643890584,0.808367002533643,1.40739,1.2662,0.8875,2.198965,1.8919,1,0.26334973545472,0.245954166804772
"481","610367eb9e35c754c9add89b",0.547103098396692,0.565699326359079,1.4404575,0.94085,1.55,2.123235,2.005,0.9,0.300393789229229,0.291600257906741
"482","6103683d0b7556494a758939",0.747506579304277,0.763082997387171,1.0578478125,0.84815,0.78125,1.93044,1.73715,0.95,0.481977435277265,0.445473222015982
"483","610368480b2860d0f7e744be",0.621333217793251,0.634777844364469,1.3445184375,1.1002,1.13125,1.790145,1.73365,1,0.237294567571403,0.238317632680624
"484","6103688918416a123fdfcf68",0.551304753120886,0.705678758464207,0.8284003125,0.46255,0.3375,1.74109,1.765,0.9,0.400084894648326,0.307780127516806
"485","610368de825c5dfea8a60321",0.629400132137874,0.664902305782354,1.82005,1.2915,1.2,2.01915789473684,1.767,0.95,0.229129335144167,0.222883206674959
"486","61036a2dc1a5986f00de0513",0.604867311034016,0.655413278178949,1.1970303125,0.97465,1.3125,1.32186,1.32445,1,0.525735060374942,0.508610204226313
"487","61036b50ca5be39e19acdc3d",0.820775734873798,0.838175692100293,1.490126875,1.23105,0.58125,1.93626,1.76555,1,0.343305085847985,0.325966011158059
"488","61036bc11cbe328e09cf25d3",0.651986650789806,0.690257255192487,1.3294265625,0.9679,1.03125,1.86415,1.82465,0.95,0.23065610310594,0.230598697445895
